{
  "search": {
    "counts": {
      "true_positives": 6,
      "false_negatives": 124,
      "false_positives": 302,
      "meta_total": 130,
      "retrieved_total": 308
    },
    "metrics": {
      "precision": 0.01948051948051948,
      "precision_ci_lower": 0.008957808041503316,
      "precision_ci_upper": 0.04184234177814872,
      "recall": 0.046153846153846156,
      "recall_ci_lower": 0.02132166236323716,
      "recall_ci_upper": 0.0970391462343887
    }
  },
  "abstract": {
    "counts": {
      "true_positives": 4,
      "false_negatives": 2,
      "false_positives": 12,
      "meta_in_search": 6,
      "meta_total": 130,
      "included_total": 16
    },
    "metrics": {
      "precision": 0.25,
      "precision_ci_lower": 0.10181901984237343,
      "precision_ci_upper": 0.4949876892939865,
      "recall_in_search": 0.6666666666666666,
      "recall_in_search_ci_lower": 0.29998832134152864,
      "recall_in_search_ci_upper": 0.9032306674407831,
      "recall_all_meta": 0.03076923076923077,
      "recall_all_meta_ci_lower": 0.012029089703640423,
      "recall_all_meta_ci_upper": 0.07644564460915917
    }
  },
  "fulltext": {
    "counts": {
      "true_positives": 1,
      "false_negatives": 5,
      "false_positives": 3,
      "additional_false_negatives": 3,
      "meta_in_search_available": 6,
      "meta_total": 130,
      "included_total": 4
    },
    "metrics": {
      "precision": 0.25,
      "precision_ci_lower": 0.045586062644636216,
      "precision_ci_upper": 0.6993639475573634,
      "recall_in_search": 0.16666666666666666,
      "recall_in_search_ci_lower": 0.03005258587173032,
      "recall_in_search_ci_upper": 0.563509436563646,
      "recall_all_meta": 0.007692307692307693,
      "recall_all_meta_ci_lower": 0.0013591392530527095,
      "recall_all_meta_ci_upper": 0.04228648363250753
    }
  },
  "fulltext_with_coords": {
    "counts": {
      "true_positives": 1,
      "false_negatives": 5,
      "false_positives": 2,
      "meta_in_search_available": 6,
      "meta_total": 130,
      "included_total": 3
    },
    "metrics": {
      "precision": 0.3333333333333333,
      "precision_ci_lower": 0.061490315276160556,
      "precision_ci_upper": 0.792345044873512,
      "recall_in_search": 0.16666666666666666,
      "recall_in_search_ci_lower": 0.03005258587173032,
      "recall_in_search_ci_upper": 0.563509436563646,
      "recall_all_meta": 0.007692307692307693,
      "recall_all_meta_ci_lower": 0.0013591392530527095,
      "recall_all_meta_ci_upper": 0.04228648363250753
    }
  }
}