Cluster ID	X	Y	Z	Peak Stat	Cluster Size (mm3)
PositiveTail 1	20.0	10.0	4.0	2.033548562359814	792
PositiveTail 2	24.0	-90.0	6.0	2.033548562359814	664
PositiveTail 3	62.0	-40.0	6.0	2.033548562359814	136
