{
  "search": {
    "counts": {
      "true_positives": 44,
      "false_negatives": 86,
      "false_positives": 1909,
      "meta_total": 130,
      "retrieved_total": 1953
    },
    "metrics": {
      "precision": 0.022529441884280594,
      "precision_ci_lower": 0.01682517181429186,
      "precision_ci_upper": 0.03010841749615616,
      "recall": 0.3384615384615385,
      "recall_ci_lower": 0.2627976766461052,
      "recall_ci_upper": 0.42339854336321925
    }
  },
  "abstract": {
    "counts": {
      "true_positives": 39,
      "false_negatives": 5,
      "false_positives": 233,
      "meta_in_search": 44,
      "meta_total": 130,
      "included_total": 272
    },
    "metrics": {
      "precision": 0.14338235294117646,
      "precision_ci_lower": 0.10669300742635496,
      "precision_ci_upper": 0.19000480755151639,
      "recall_in_search": 0.8863636363636364,
      "recall_in_search_ci_lower": 0.7602056485186641,
      "recall_in_search_ci_upper": 0.950472924104325,
      "recall_all_meta": 0.3,
      "recall_all_meta_ci_lower": 0.22789132612396557,
      "recall_all_meta_ci_upper": 0.3835897081732933
    }
  },
  "fulltext": {
    "counts": {
      "true_positives": 4,
      "false_negatives": 40,
      "false_positives": 17,
      "additional_false_negatives": 35,
      "meta_in_search_available": 44,
      "meta_total": 130,
      "included_total": 21
    },
    "metrics": {
      "precision": 0.19047619047619047,
      "precision_ci_lower": 0.07667440615177304,
      "precision_ci_upper": 0.40000986539273287,
      "recall_in_search": 0.09090909090909091,
      "recall_in_search_ci_lower": 0.03592161147883656,
      "recall_in_search_ci_upper": 0.21159519397917487,
      "recall_all_meta": 0.03076923076923077,
      "recall_all_meta_ci_lower": 0.012029089703640423,
      "recall_all_meta_ci_upper": 0.07644564460915917
    }
  },
  "fulltext_with_coords": {
    "counts": {
      "true_positives": 3,
      "false_negatives": 41,
      "false_positives": 13,
      "meta_in_search_available": 44,
      "meta_total": 130,
      "included_total": 16
    },
    "metrics": {
      "precision": 0.1875,
      "precision_ci_lower": 0.06591478773586765,
      "precision_ci_upper": 0.4300935986845823,
      "recall_in_search": 0.06818181818181818,
      "recall_in_search_ci_lower": 0.023458970172840127,
      "recall_in_search_ci_upper": 0.1822532133661719,
      "recall_all_meta": 0.023076923076923078,
      "recall_all_meta_ci_lower": 0.00787867765789841,
      "recall_all_meta_ci_upper": 0.06565301951248809
    }
  }
}