stage,metric,value,ci_lower,ci_upper
search,true_positives,44,,
search,false_negatives,86,,
search,false_positives,1916,,
search,recall,0.3384615384615385,0.2627976766461052,0.42339854336321925
search,precision,0.022448979591836733,0.016764933031368442,0.03000136420971251
