{
  "search": {
    "counts": {
      "true_positives": 44,
      "false_negatives": 86,
      "false_positives": 1916,
      "meta_total": 130,
      "retrieved_total": 1960
    },
    "metrics": {
      "recall": 0.3384615384615385,
      "recall_ci_lower": 0.2627976766461052,
      "recall_ci_upper": 0.42339854336321925,
      "precision": 0.022448979591836733,
      "precision_ci_lower": 0.016764933031368442,
      "precision_ci_upper": 0.03000136420971251
    }
  }
}