pmid,source,projects_for_source,source_found,source_status,reason,journal_or_container,source_primary_path,article_path,tables_path_or_glob,table_files,title,table_count,coord_table_count,supplement_cue_count,incomplete_cue_count,html_path_count,incomplete_cues,evidence_signals,evidence_snippet
10607399,ace_html,projects/social/v3-search-all_pmids,True,found,tables_linked_not_fetched,pond,/home/zorro/repos/autonima-results/articles/ace_outputs/html/pond/10607399.html,/home/zorro/repos/autonima-results/articles/ace_outputs/html/pond/10607399.html,,,Distinct representations of eye gaze and identity in the distributed human neural system for face perception | Nature Neuroscience,0,0,0,0,1,,table_expansion_links:0|table_external_links:1|table_placeholders:0|example_link:/articles/nn0100_80/tables/1,Distinct representations of eye gaze and identity in the distributed human neural system for face perception | Nature Neuroscience Distinct representations of eye gaze and identity in the distributed human neural system for face perception | Nature Neuroscience Skip to main content Thank you for visiting nature.com. You are using a browser version
11058476,ace_html,projects/cue_reactivity/v5,True,found,unknown,The American journal of psychiatry,/home/zorro/repos/autonima-results/articles/ace_outputs/html/The American journal of psychiatry/11058476.html,/home/zorro/repos/autonima-results/articles/ace_outputs/html/The American journal of psychiatry/11058476.html,,,Cue-Induced Cocaine Craving: Neuroanatomical Specificity for Drug Users and Drug Stimuli | American Journal of Psychiatry,0,0,0,0,1,,no_coord_table_detected|no_supplement_cues_detected,Cue-Induced Cocaine Craving: Neuroanatomical Specificity for Drug Users and Drug Stimuli | American Journal of Psychiatry Cue-Induced Cocaine Craving: Neuroanatomical Specificity for Drug Users and Drug Stimuli | American Journal of Psychiatry Access provided courtesy of University of Texas Libraries Skip to main content Close DSM DSM-5-TR® DSM-5-T
11296095,ace_html,projects/cue_reactivity/v5,True,found,missed_in_main_text,Archives of general psychiatry,/home/zorro/repos/autonima-results/articles/ace_outputs/html/Archives of general psychiatry/11296095.html,/home/zorro/repos/autonima-results/articles/ace_outputs/html/Archives of general psychiatry/11296095.html,,,Activation of Prefrontal Cortex and Anterior Thalamus in Alcoholic Subjects on Exposure to Alcohol-Specific Cues | Radiology | JAMA Psychiatry | JAMA Network,4,2,0,0,1,,coord_tables:2|coord_keyword_tables:2|xyz_header_tables:2|max_triplets_in_table:43,"Regions† P No. of Voxels in Cluster Cluster z Score x, y, z Talairach Coordinates Alcohol-Beverage Alcoholic subjects Anterior thalamus .02 167 5.3 0, -6, 3 Left midfrontal gyrus‡ .07 134 3.98 -57, 21, 30 Social drinkers Alcohol-Visual Alcoholic subjects Social drinkers Beverage-Visual Alcoholic subjects Social drinkers Left midfrontal gyrus‡ .08 8"
11496124,ace_html,projects/social/v3-search-all_pmids,True,found,tables_present_no_coordinate_content,pond,/home/zorro/repos/autonima-results/articles/ace_outputs/html/pond/11496124.html,/home/zorro/repos/autonima-results/articles/ace_outputs/html/pond/11496124.html,,,NeuroReport,1,0,1,0,1,,table_count:1|no_coord_table_detected,NeuroReport NeuroReport Log in or Register Subscribe to journal Subscribe Get new issue alerts Get alerts Submit your manuscript Subscribe to eTOC Secondary Logo Enter your Email address: Privacy Policy Journal Logo Articles Articles Advanced Search Toggle navigation Subscribe Register Login Browsing History Articles & Issues Current Issue Previous
11850635,ace_html,projects/social/v3-search-all_pmids,True,found,tables_linked_not_fetched,pond,/home/zorro/repos/autonima-results/articles/ace_outputs/html/pond/11850635.html,/home/zorro/repos/autonima-results/articles/ace_outputs/html/pond/11850635.html,,,Automatic and intentional brain responses during evaluation of trustworthiness of faces | Nature Neuroscience,0,0,0,0,1,,table_expansion_links:0|table_external_links:2|table_placeholders:0|example_link:/articles/nn816/tables/1,"Automatic and intentional brain responses during evaluation of trustworthiness of faces | Nature Neuroscience Automatic and intentional brain responses during evaluation of trustworthiness of faces | Nature Neuroscience Your privacy, your choice We use essential cookies to make sure the site can function. We also use optional cookies for advertisin"
12853571,ace_html,projects/vbm_of_ptsd/v1,True,found,tables_present_no_coordinate_content,manual,/home/zorro/repos/autonima-results/articles/ace_outputs/html/manual/12853571.html,/home/zorro/repos/autonima-results/articles/ace_outputs/html/manual/12853571.html,,,Voxel-based analysis of MRI reveals anterior cingulate gray-matter volume reduction in posttraumatic stress disorder due to terrorism | PNAS,2,0,0,0,1,,table_count:2|no_coord_table_detected,Voxel-based analysis of MRI reveals anterior cingulate gray-matter volume reduction in posttraumatic stress disorder due to terrorism | PNAS Voxel-based analysis of MRI reveals anterior cingulate gray-matter volume reduction in posttraumatic stress disorder due to terrorism | PNAS ARTICLES Current Issue Latest Articles Special Features List of Issu
12860777,ace_html,projects/cue_reactivity/v5,True,found,missed_in_main_text,Archives of general psychiatry,/home/zorro/repos/autonima-results/articles/ace_outputs/html/Archives of general psychiatry/12860777.html,/home/zorro/repos/autonima-results/articles/ace_outputs/html/Archives of general psychiatry/12860777.html,,,Neural Response to Alcohol Stimuli in Adolescents With Alcohol Use Disorder | Adolescent Medicine | JAMA Psychiatry | JAMA Network,6,2,0,0,1,,coord_tables:2|coord_keyword_tables:4|xyz_header_tables:4|max_triplets_in_table:12,"Anatomic Region Brodmann Areas Talairach Coordinates† Volume, µL Effect Size, Cohen d x y z AUD>Controls Left medial frontal and paracentral gyri 6,4 5L 19P 66S 1929 9.21 Left dorsal cingulate and paracentral gyri 6,31,24 2L 22P 52S 815 4.37 Left prefrontal and orbital gyri 11 2L 48A 15I 900 6.83 Left superior and middle frontal gyri 6,8 23L 20A 52"
14667419,elsevier_output,projects/cue_reactivity/v5,True,found,tables_present_no_coordinate_content,elsevier_output,/home/zorro/repos/autonima-results/articles/elsevier_output/14667419/article.xml,/home/zorro/repos/autonima-results/articles/elsevier_output/14667419/article.xml,/home/zorro/repos/autonima-results/articles/elsevier_output/14667419/tables/*.csv,/home/zorro/repos/autonima-results/articles/elsevier_output/14667419/tables/01_tbl1.csv|/home/zorro/repos/autonima-results/articles/elsevier_output/14667419/tables/02_tbl2.csv|/home/zorro/repos/autonima-results/articles/elsevier_output/14667419/tables/03_tbl3.csv|/home/zorro/repos/autonima-results/articles/elsevier_output/14667419/tables/04_tbl4.csv,fMRI BOLD response to alcohol stimuli in alcohol dependent young women,4,0,1,0,0,,table_count:4|coord_keywords:0|triplets:0|no_coord_table_detected,"<full-text-retrieval-response xmlns=""http://www.elsevier.com/xml/svapi/article/dtd"" xmlns:bk=""http://www.elsevier.com/xml/bk/dtd"" xmlns:cals=""http://www.elsevier.com/xml/common/cals/dtd"" xmlns:ce=""http://www.elsevier.com/xml/common/dtd"" xmlns:ja=""http://www.elsevier.com/xml/ja/dtd"" xmlns:mml=""http://www.w3.org/1998/Math/MathML"" xmlns:sa=""http://www"
15327927,ace_html,projects/decision_making/v2,True,found,missed_in_main_text,Manual,/home/zorro/repos/autonima-results/articles/ace_outputs/html/Manual/15327927.html,/home/zorro/repos/autonima-results/articles/ace_outputs/html/Manual/15327927.html,,,Choice selection and reward anticipation: an fMRI study - ScienceDirect,4,4,1,0,1,,coord_tables:4|coord_keyword_tables:4|xyz_header_tables:4|max_triplets_in_table:34,"Selection: monetary > control Anticipation: monetary > control T (peak) k (cluster) x , y , z (mm) Regions BA Side T (peak) k (cluster) x , y , z (mm) Regions BA Side Frontal 5.87 2227 -24, 4, 50 gfd 6 Left 4.22 448 0, 20, 50 gfd 8 Med 5.46 -8, 16, 52 gfd 6 Left 4.65 -2, 6, 66 gfs 6 Left 4.68 -38, 2, 34 gfm 9 Left 3.75 9 10, 40, 14 gc 32 Right 4.75"
15483614,ace_html,projects/decision_making/v2,True,found,supplement_only_or_referenced,Nature,/home/zorro/repos/autonima-results/articles/ace_outputs/html/Nature/15483614.html,/home/zorro/repos/autonima-results/articles/ace_outputs/html/Nature/15483614.html,,,A general mechanism for perceptual decision-making in the human brain | Nature,0,0,1,0,1,,supplement_cue:supplementary,"of both faces and houses 19 , 20 . These regions, which included the frontal eye field (FEF, Brodmann area (BA)6), the supplementary eye field (SEF) and parietal regions (intraparietal sulcus, IPS), gave a greater response when the task became more dif"
15588617,ace_html,projects/decision_making/v2,True,found,missed_in_main_text,Manual,/home/zorro/repos/autonima-results/articles/ace_outputs/html/Manual/15588617.html,/home/zorro/repos/autonima-results/articles/ace_outputs/html/Manual/15588617.html,,,Functional activity related to risk anticipation during performance of the Iowa gambling task - ScienceDirect,1,1,0,0,1,,coord_tables:1|coord_keyword_tables:1|xyz_header_tables:1|max_triplets_in_table:1,Regions Cluster level Talairach coordinates Z value Cluster size P corrected x y z Medial frontal gyrus 229 0.032 -2 57 21 3.53
15701234,ace_html,projects/social/v3-search-all_pmids,True,found,unknown,pond,/home/zorro/repos/autonima-results/articles/ace_outputs/html/pond/15701234.html,/home/zorro/repos/autonima-results/articles/ace_outputs/html/pond/15701234.html,,,Understanding Intentions in Social Interaction: The Role of the Anterior Paracingulate Cortex | Journal of Cognitive Neuroscience | MIT Press,0,0,0,0,1,,no_coord_table_detected|no_supplement_cues_detected,Understanding Intentions in Social Interaction: The Role of the Anterior Paracingulate Cortex | Journal of Cognitive Neuroscience | MIT Press Understanding Intentions in Social Interaction: The Role of the Anterior Paracingulate Cortex | Journal of Cognitive Neuroscience | MIT Press Skip to Main Content Advertisement Close Books Books Home Browse B
16038682,ace_html,projects/vbm_of_ptsd/v1,True,found,tables_present_no_coordinate_content,manual,/home/zorro/repos/autonima-results/articles/ace_outputs/html/manual/16038682.html,/home/zorro/repos/autonima-results/articles/ace_outputs/html/manual/16038682.html,,,Size Versus Shape Differences: Contrasting Voxel-Based and Volumetric Analyses of the Anterior Cingulate Cortex in Individuals with Acute Posttraumatic Stress Disorder - ScienceDirect,1,0,0,0,1,,table_count:1|no_coord_table_detected,Size Versus Shape Differences: Contrasting Voxel-Based and Volumetric Analyses of the Anterior Cingulate Cortex in Individuals with Acute Posttraumatic Stress Disorder - ScienceDirect Size Versus Shape Differences: Contrasting Voxel-Based and Volumetric Analyses of the Anterior Cingulate Cortex in Individuals with Acute Posttraumatic Stress Disorde
16085533,ace_html,projects/cue_reactivity/v5,True,found,missed_in_main_text,Nicotine & tobacco research : official journal of the Society for Research on Nicotine and Tobacco,/home/zorro/repos/autonima-results/articles/ace_outputs/html/Nicotine & tobacco research : official journal of the Society for Research on Nicotine and Tobacco/16085533.html,/home/zorro/repos/autonima-results/articles/ace_outputs/html/Nicotine & tobacco research : official journal of the Society for Research on Nicotine and Tobacco/16085533.html,,,Instructed smoking expectancy modulates cue-elicited neural activity: A preliminary study - PMC,3,2,0,0,1,,coord_tables:2|coord_keyword_tables:2|xyz_header_tables:2|max_triplets_in_table:21,Talairach coordinates Anatomical region Broadmann's area x y z Average F ratio Cigarette>neutral L ACC/superior frontal gyrus 32 -4 43 8 15.02 R posterior cingulate gyrus 23 4 -43 29 16.36 L superior/middle temporal gyrus 21 -50 -23 -1 23.81 R superior/middle temporal gyrus 21 56 -28 -3 20.99 L inferior parietal lobule 39 -54 -68 24 12.59 L superio
16687507,ace_html,projects/cue_reactivity/v5,True,found,tables_present_no_coordinate_content,Manual,/home/zorro/repos/autonima-results/articles/ace_outputs/html/Manual/16687507.html,/home/zorro/repos/autonima-results/articles/ace_outputs/html/Manual/16687507.html,,,Individual Differences in Reward Drive Predict Neural Responses to Images of Food - PMC,1,0,2,0,1,,table_count:1|no_coord_table_detected,Individual Differences in Reward Drive Predict Neural Responses to Images of Food - PMC Individual Differences in Reward Drive Predict Neural Responses to Images of Food - PMC Skip to main content An official website of the United States government Here's how you know Here's how you know Official websites use .gov A .gov website belongs to an offic
16778890,ace_html,projects/decision_making/v2,True,found,supplement_only_or_referenced,Nature,/home/zorro/repos/autonima-results/articles/ace_outputs/html/Nature/16778890.html,/home/zorro/repos/autonima-results/articles/ace_outputs/html/Nature/16778890.html,,,Cortical substrates for exploratory decisions in humans - PMC,0,0,2,0,1,,supplement_cue:Supplementary|supplement_cue:supplement,ts while they performed a ‘four-armed bandit’ task involving repeated choices between four slot machines ( Fig. 1 ; see Supplementary Methods ). The slots paid off points (to be exchanged for money) noisily around four different means. Unlike standard s
16971537,ace_html,projects/decision_making/v2,True,found,tables_present_no_coordinate_content,The Journal of neuroscience : the official journal of the Society for Neuroscience,/home/zorro/repos/autonima-results/articles/ace_outputs/html/The Journal of neuroscience : the official journal of the Society for Neuroscience/16971537.html,/home/zorro/repos/autonima-results/articles/ace_outputs/html/The Journal of neuroscience : the official journal of the Society for Neuroscience/16971537.html,,,Dissociable Systems for Gain- and Loss-Related Value Predictions and Errors of Prediction in the Human Brain - PMC,7,0,0,0,1,,table_count:7|no_coord_table_detected,Dissociable Systems for Gain- and Loss-Related Value Predictions and Errors of Prediction in the Human Brain - PMC Dissociable Systems for Gain- and Loss-Related Value Predictions and Errors of Prediction in the Human Brain - PMC Skip to main content An official website of the United States government Here's how you know Here's how you know Officia
17004938,ace_html,projects/vbm_of_substance_use/v2,True,found,missed_in_main_text,The European journal of neuroscience,/home/zorro/repos/autonima-results/articles/ace_outputs/html/The European journal of neuroscience/17004938.html,/home/zorro/repos/autonima-results/articles/ace_outputs/html/The European journal of neuroscience/17004938.html,,,Smoking and structural brain deficits: a volumetric MR investigation - Gallinat - 2006 - European Journal of Neuroscience - Wiley Online Library,4,2,1,0,1,,coord_tables:2|coord_keyword_tables:3|xyz_header_tables:0|max_triplets_in_table:23,Location Brodmann area Side t -value Size Cluster x tal y tal z tal Cingulate gyrus 24 R 4.16 288 6 4 32 Thalamus R 4.14 1158 16 -24 -4 Angular gyrus 39 R 4.05 1359 43 -68 30 Medial frontal gyrus 6 L 3.64 2401 0 -9 47 Cuneus 18 R 3.63 8023 12 -73 23 Inferior frontal gyrus 47 L 3.26 756 -31 16 -18 Fusiform gyrus 20 L 3.07 214 -52 -21 -21 Medial fron
17088334,ace_html,projects/vbm_of_substance_use/v2,True,found,missed_in_main_text,"Journal of neurology, neurosurgery, and psychiatry","/home/zorro/repos/autonima-results/articles/ace_outputs/html/Journal of neurology, neurosurgery, and psychiatry/17088334.html","/home/zorro/repos/autonima-results/articles/ace_outputs/html/Journal of neurology, neurosurgery, and psychiatry/17088334.html",,,A widespread distinct pattern of cerebral atrophy in patients with alcohol addiction revealed by voxel‐based morphometry - PMC,2,2,0,0,1,,coord_tables:2|coord_keyword_tables:2|xyz_header_tables:2|max_triplets_in_table:17,Location BA Peak coordinates (mm) Cluster size z Value p Value x y z Thalamus Right 6 -13 15 8232 6.27 <0.001 Left -7 -13 15 8232 6.27 <0.001 Dorsal hippocampus Right 32 -34 -5 8232 3.84 0.005 Left -28 -45 -4 8232 4.74 <0.001 Precentral gyrus Right 6 57 -7 34 3845 6.21 <0.001 Left 6 -57 -11 31 276 5.13 <0.001 Middle frontal gyrus Right 9 45 12 32 3
17274020,ace_html,projects/cue_reactivity/v5|projects/decision_making/v2,False,missing,,,/home/zorro/repos/autonima-results/projects/cue_reactivity/ace_outputs/html/Human brain mapping/17274020.html,,,,,0,0,0,0,2,,html_missing,
17404215,ace_html,projects/social/v3-search-all_pmids,True,found,tables_linked_not_fetched,pond,/home/zorro/repos/autonima-results/articles/ace_outputs/html/pond/17404215.html,/home/zorro/repos/autonima-results/articles/ace_outputs/html/pond/17404215.html,,,Social concepts are represented in the superior anterior temporal cortex,0,0,1,0,1,,table_expansion_links:1|table_external_links:0|table_placeholders:10|example_link:6430/T1.expansion.html,"/32; see Fig. 1 and SI Fig. 4 ), indicating that anterior temporal lobe activation is independent of emotional valence. View this table: In this window In a new window Table 1. Social vs. animal function concepts View larger version: In this window In a n"
17923164,ace_html,projects/vbm_of_ptsd/v1,True,found,tables_present_no_coordinate_content,manual,/home/zorro/repos/autonima-results/articles/ace_outputs/html/manual/17923164.html,/home/zorro/repos/autonima-results/articles/ace_outputs/html/manual/17923164.html,,,Structure of orbitofrontal cortex and its longitudinal course in cancer-related post-traumatic stress disorder - ScienceDirect,4,0,0,0,1,,table_count:4|no_coord_table_detected,Structure of orbitofrontal cortex and its longitudinal course in cancer-related post-traumatic stress disorder - ScienceDirect Structure of orbitofrontal cortex and its longitudinal course in cancer-related post-traumatic stress disorder - ScienceDirect Skip to main content Skip to article ScienceDirect Journals & Books Help Search My account The U
17949691,ace_html,projects/decision_making/v2,True,found,missed_in_main_text,Biological psychiatry,/home/zorro/repos/autonima-results/articles/ace_outputs/html/Biological psychiatry/17949691.html,/home/zorro/repos/autonima-results/articles/ace_outputs/html/Biological psychiatry/17949691.html,,,Reduced Behavioral and Neural Activation in Stimulant Users To Different Error Rates During Decision-Making - PMC,3,1,3,0,1,,coord_tables:1|coord_keyword_tables:0|xyz_header_tables:1|max_triplets_in_table:12,Error-rate Effect Volume x y z L/R Description BA 2048 -32 -8 -1 L Caudate/Putamen 1856 38 -51 5 R Middle Temporal Gyrus 39 1280 38 -33 37 R Inferior Parietal Lobule 40 1024 40 -68 17 R Middle Temporal Gyrus 39 896 44 -48 18 R Superior Temporal Gyrus 13 896 3 34 48 R Superior Frontal Gyrus 8 832 18 8 13 R Caudate 768 -51 -18 9 L Transverse Temporal
17986835,ace_html,projects/social/v3-search-all_pmids,True,found,supplement_only_or_referenced,Neuropsychobiology,/home/zorro/repos/autonima-results/articles/ace_outputs/html/Neuropsychobiology/17986835.html,/home/zorro/repos/autonima-results/articles/ace_outputs/html/Neuropsychobiology/17986835.html,,,Cerebral Differences in Explicit and Implicit Emotional Processing – An fMRI Study | Neuropsychobiology | Karger Publishers,0,0,1,0,1,,supplement_cue:Supplementary,ttps://doi.org/10.1159/000110726 Content Tools Views Icon Views Open Menu Article contents Figures & tables Video Audio Supplementary Material Peer Review Share Icon Share Facebook X LinkedIn Email Tools Icon Tools Open Menu Cite Icon Cite Get Permissio
18045902,ace_html,projects/decision_making/v2,True,found,tables_present_no_coordinate_content,The Journal of neuroscience : the official journal of the Society for Neuroscience,/home/zorro/repos/autonima-results/articles/ace_outputs/html/The Journal of neuroscience : the official journal of the Society for Neuroscience/18045902.html,/home/zorro/repos/autonima-results/articles/ace_outputs/html/The Journal of neuroscience : the official journal of the Society for Neuroscience/18045902.html,,,EEG-Informed fMRI Reveals Spatiotemporal Characteristics of Perceptual Decision Making - PMC,1,0,1,0,1,,table_count:1|no_coord_table_detected,EEG-Informed fMRI Reveals Spatiotemporal Characteristics of Perceptual Decision Making - PMC EEG-Informed fMRI Reveals Spatiotemporal Characteristics of Perceptual Decision Making - PMC Skip to main content An official website of the United States government Here's how you know Here's how you know Official websites use .gov A .gov website belongs t
18266213,ace_html,projects/cue_reactivity/v5,True,found,missed_in_main_text,Human brain mapping,/home/zorro/repos/autonima-results/articles/ace_outputs/html/Human brain mapping/18266213.html,/home/zorro/repos/autonima-results/articles/ace_outputs/html/Human brain mapping/18266213.html,,,Dynamic neural responses to cue‐reactivity paradigms in heroin‐dependent users: An fMRI study - PMC,6,1,3,0,1,,coord_tables:1|coord_keyword_tables:1|xyz_header_tables:0|max_triplets_in_table:44,"Brodmann area (BA) X (LR) Y (PA) Z (IS) Cluster volume (mm 3 ) Max PFI in AUC% P value Factorial interaction between the cue‐type factor and the subject‐type factor L orbitofrontal cortex BA47 -39 28 -16 535 0.51 <0.002 L orbitofrontal cortex BA47 -47 24 -4 1,089 0.23 <0.001 R orbitofrontal cortex BA47 50 20 -7 384 0.46 <0.01 R orbitofrontal cortex"
18313858,ace_html,projects/social/v3-search-all_pmids,True,found,supplement_only_or_referenced,Manual,/home/zorro/repos/autonima-results/articles/ace_outputs/html/Manual/18313858.html,/home/zorro/repos/autonima-results/articles/ace_outputs/html/Manual/18313858.html,,,Valuating other people’s emotional face expression: a combined functional magnetic resonance imaging and electroencephalography study - ScienceDirect,0,0,1,0,1,,supplement_cue:supplementary,he perception of emotions that reflected the seen happy and sad emotional face expressions. This area mapped to the pre-supplementary motor area which plays a central role in control of behavior. Low resolution brain electromagnetic tomography–based ana
18370602,ace_html,projects/social/v3-search-all_pmids,True,found,unknown,pond,/home/zorro/repos/autonima-results/articles/ace_outputs/html/pond/18370602.html,/home/zorro/repos/autonima-results/articles/ace_outputs/html/pond/18370602.html,,,Mirror Neuron System Differentially Activated by Facial Expressions and Social Hand Gestures: A Functional Magnetic Resonance Imaging Study | Journal of Cognitive Neuroscience | MIT Press,0,0,0,0,1,,no_coord_table_detected|no_supplement_cues_detected,Mirror Neuron System Differentially Activated by Facial Expressions and Social Hand Gestures: A Functional Magnetic Resonance Imaging Study | Journal of Cognitive Neuroscience | MIT Press Mirror Neuron System Differentially Activated by Facial Expressions and Social Hand Gestures: A Functional Magnetic Resonance Imaging Study | Journal of Cognitive
18391135,ace_html,projects/cue_reactivity/v5,True,found,missed_in_main_text,Archives of general psychiatry,/home/zorro/repos/autonima-results/articles/ace_outputs/html/Archives of general psychiatry/18391135.html,/home/zorro/repos/autonima-results/articles/ace_outputs/html/Archives of general psychiatry/18391135.html,,,EFFECT OF NALTREXONE AND ONDANSETRON ON ALCOHOL CUE-INDUCED ACTIVATION OF THE VENTRAL STRIATUM IN ALCOHOL-DEPENDENT PEOPLE - PMC,4,1,0,0,1,,coord_tables:1|coord_keyword_tables:0|xyz_header_tables:1|max_triplets_in_table:31,Alcohol-Beverage Comparison Group Side X Y Z t score Regions Naltrexone L -8 43 53 4.44 superior medial frontal R 3 -92 16 5.27 cuneus R 4 -95 12 7.83 calcarine Ondansetron R 29 -88 24 4.29 occipital R 8 -68 3 4.07 lingual Nal + Ond R 5 62 31 6.05 superior medial frontal L -1 26 31 4.37 ant-cingular L -45 -77 24 5.08 middle occipital R 34 -81 27 4.
18439411,ace_html,projects/social/v3-search-all_pmids,True,found,missed_in_main_text,pond,/home/zorro/repos/autonima-results/articles/ace_outputs/html/pond/18439411.html,/home/zorro/repos/autonima-results/articles/ace_outputs/html/pond/18439411.html,,,Know Your Place: Neural Processing of Social Hierarchy in Humans - ScienceDirect,3,3,5,0,1,,coord_tables:3|coord_keyword_tables:3|xyz_header_tables:3|max_triplets_in_table:43,"Brain Regions BA Cluster Size (voxels) Peak MNI Coordinates Peak Z Score x y z Stable Hierarchy: Experiment #1 R inferior parietal gyrus, incl. 7/40 1341 b 36, -57, 48 6.76 R inferior/middle occipital gyrus 18/19 42, -81, -6 6.16 L inferior/middle occipital gyrus 18/19 709 b -24, -96, 9 6.31 R precuneus 7 59 b 6, -57, 39 4.54 R inferior/middle fron"
18582578,ace_html,projects/decision_making/v2,True,found,missed_in_main_text,NeuroImage,/home/zorro/repos/autonima-results/articles/ace_outputs/html/NeuroImage/18582578.html,/home/zorro/repos/autonima-results/articles/ace_outputs/html/NeuroImage/18582578.html,,,Neural Correlates of Voluntary and Involuntary Risk Taking in the Human Brain: An fMRI Study of the Balloon Analog Risk Task (BART) - PMC,3,2,0,0,1,,coord_tables:2|coord_keyword_tables:2|xyz_header_tables:1|max_triplets_in_table:27,Brain Regions Peak MNI Coordinates Z Scores P Values (corrected) Cluster size X Y Z Activations covaried with voluntary risk R. Insula 38 10 -2 6.28 <0.001 16859 L. Insula -34 18 -6 6.23 <0.001 B. ACC/MFC 0 12 42 5.83 <0.001 L. Striatum -10 2 4 5.76 <0.001 R. Striatum 14 2 -2 5.18 <0.001 R. Midbrain/Thalamus 6 -16 -2 5.00 <0.001 L. Midbrain/Thalamu
18585742,ace_html,projects/social/v3-search-all_pmids,True,found,supplement_only_or_referenced,pond,/home/zorro/repos/autonima-results/articles/ace_outputs/html/pond/18585742.html,/home/zorro/repos/autonima-results/articles/ace_outputs/html/pond/18585742.html,,,The posterior superior temporal sulcus is involved in social communication not specific for the eyes - ScienceDirect,0,0,1,0,1,,supplement_cue:supplementary,"), decision-making (dorsolateral prefrontal cortex), and the control of goal-directed eye movements (frontal eye field, supplementary eye field and superior colliculus). The only region showing a different response when subjects were using eye gaze dire"
18710652,ace_html,projects/decision_making/v2,True,found,missed_in_main_text,Brain research,/home/zorro/repos/autonima-results/articles/ace_outputs/html/Brain research/18710652.html,/home/zorro/repos/autonima-results/articles/ace_outputs/html/Brain research/18710652.html,,,The neural substrates of probabilistic and intertemporal decision making - PMC,4,3,0,0,1,,coord_tables:3|coord_keyword_tables:0|xyz_header_tables:3|max_triplets_in_table:28,Region BA Size x y z Max Z Left Lingual Gyrus 17 219 -20 -90 -7 4.11 Middle Occipital Gyrus 19 56 -56 -67 -8 3.07 Sup. Par. Lobule / Precuneus 7 2872 -28 -57 47 4.80 Middle Frontal Gyrus 6 137 -28 4 52 3.89 Inferior Frontal Gyrus 9 315 -45 8 30 3.74 Middle Frontal Gyrus 46 283 -50 33 17 3.66 Midline Anterior Cingulate Cortex 9 973 -3 29 35 4.37 Rig
18801475,elsevier_output,projects/vbm_of_substance_use/v2,True,found,tables_present_no_coordinate_content,elsevier_output,/home/zorro/repos/autonima-results/articles/elsevier_output/18801475/article.xml,/home/zorro/repos/autonima-results/articles/elsevier_output/18801475/article.xml,/home/zorro/repos/autonima-results/articles/elsevier_output/18801475/tables/*.csv,/home/zorro/repos/autonima-results/articles/elsevier_output/18801475/tables/01_tbl1.csv,Medial Orbitofrontal Cortex Gray Matter Is Reduced in Abstinent Substance-Dependent Individuals,1,0,0,0,0,,table_count:1|coord_keywords:0|triplets:8|no_coord_table_detected,"<full-text-retrieval-response xmlns=""http://www.elsevier.com/xml/svapi/article/dtd"" xmlns:bk=""http://www.elsevier.com/xml/bk/dtd"" xmlns:cals=""http://www.elsevier.com/xml/common/cals/dtd"" xmlns:ce=""http://www.elsevier.com/xml/common/dtd"" xmlns:ja=""http://www.elsevier.com/xml/ja/dtd"" xmlns:mml=""http://www.w3.org/1998/Math/MathML"" xmlns:sa=""http://www"
18804540,ace_html,projects/decision_making/v2,True,found,missed_in_main_text,NeuroImage,/home/zorro/repos/autonima-results/articles/ace_outputs/html/NeuroImage/18804540.html,/home/zorro/repos/autonima-results/articles/ace_outputs/html/NeuroImage/18804540.html,,,"Neural Substrates of Reward Magnitude, Probability, and Risk During a Wheel of Fortune Decision-Making Task - PMC",3,2,0,0,1,,coord_tables:2|coord_keyword_tables:0|xyz_header_tables:2|max_triplets_in_table:10,Region L/R BA x y z Volume Posterior Cingulate Gyrus L 23 -5 -52 25 700 Cingulate Gyrus L 24 -1 -13 44 607 Medial frontal cortex # R 10 7 54 16 378 orbitofrontal cortex Middle Temporal Gyrus L 22 -57 -52 4 1254 Insula L -28 -2 23 668 Insula R 38 -7 -5 460 Globus Pallidus # R 23 -14 -10 288 Amygdala + R 22 -5 -15 547 Substantia Nigra # L -16 -18 -7 
18842669,ace_html,projects/decision_making/v2,True,found,supplement_only_or_referenced,"Cerebral cortex (New York, N.Y. : 1991)","/home/zorro/repos/autonima-results/articles/ace_outputs/html/Cerebral cortex (New York, N.Y. : 1991)/18842669.html","/home/zorro/repos/autonima-results/articles/ace_outputs/html/Cerebral cortex (New York, N.Y. : 1991)/18842669.html",,,Functional Dissociations of Risk and Reward Processing in the Medial Prefrontal Cortex - PMC,0,0,1,0,1,,supplement_cue:Supplementary,"he present study were appropriately sensitive to changes in EV (risk rate: RA > EQEV > RD, F 2,24 = 46,97, P < 0.001) ( Supplementary Fig. 1 A ). Though previous studies have applied economic models to estimate the risk preference parameters (e.g., valu"
18985118,ace_html,projects/social/v3-search-all_pmids,True,found,tables_linked_not_fetched,pond,/home/zorro/repos/autonima-results/articles/ace_outputs/html/pond/18985118.html,/home/zorro/repos/autonima-results/articles/ace_outputs/html/pond/18985118.html,,,Social groups that elicit disgust are differentially processed in mPFC,0,0,0,0,1,,table_expansion_links:2|table_external_links:0|table_placeholders:10|example_link:45/T1.expansion.html,"= 2, y = 56, z = 12. ( c ) Coronal slice showing both the more dorsal (blue) and more ventral (green) mPFC activations. View this table: In this window In a new window Table 1 Regions of brain activity associated with task main effect contrast Follow-up s"
18985119,ace_html,projects/social/v3-search-all_pmids,True,found,tables_linked_not_fetched,pond,/home/zorro/repos/autonima-results/articles/ace_outputs/html/pond/18985119.html,/home/zorro/repos/autonima-results/articles/ace_outputs/html/pond/18985119.html,,,Social interaction modifies neural response to gaze shifts,0,0,0,0,1,,table_expansion_links:2|table_external_links:0|table_placeholders:10|example_link:52/T1.expansion.html,tal gyrus and parts of the posterior horizontal segment of the STS. (See Table 1 a for full details of activated loci.) View this table: In this window In a new window Table 1 Regions activated by incorrect gaze shifts and gaze shifts made by the unsocial
19015088,ace_html,projects/social/v3-search-all_pmids,True,found,tables_linked_not_fetched,pond,/home/zorro/repos/autonima-results/articles/ace_outputs/html/pond/19015088.html,/home/zorro/repos/autonima-results/articles/ace_outputs/html/pond/19015088.html,,,Mapping social target detection with functional magnetic resonance imaging,0,0,1,0,1,,table_expansion_links:2|table_external_links:0|table_placeholders:11|example_link:59/T1.expansion.html,"were not included in analyses; thus, the final analysis included three shape target runs and three face target runs. 1 View this table: In this window In a new window Table 1 Stimulus exemplars from the target detection oddball task Immediately prior to"
19107465,ace_html,projects/cue_reactivity/v5,True,found,missed_in_main_text,Psychopharmacology,/home/zorro/repos/autonima-results/articles/ace_outputs/html/Psychopharmacology/19107465.html,/home/zorro/repos/autonima-results/articles/ace_outputs/html/Psychopharmacology/19107465.html,,,24-hr smoking abstinence potentiates fMRI-BOLD activation to smoking cues in cerebral cortex and dorsal striatum - PMC,3,3,3,0,1,,coord_tables:3|coord_keyword_tables:3|xyz_header_tables:3|max_triplets_in_table:31,"Side Brain Area BA Cluster Size (mm 3 ) x,y,z T max Smoke > Control - Abstinent Condition Parietal Cortex/Posterior Cingulate L Precuneus 7 424 -10, -60, 18 5.64 L/R Posterior Cingulate 31 1600 -6, -34, 34 5.46 L Precuneus 7 192 -14, -56, 70 4.67 R Superior Parietal Lobule 7 464 20, -62, 46 4.48 L/R Precuneus 7 464 0, -46, 56 4.31 Striatum L Intern"
19136216,ace_html,projects/social/v3-search-all_pmids,True,found,unknown,Manual,/home/zorro/repos/autonima-results/articles/ace_outputs/html/Manual/19136216.html,/home/zorro/repos/autonima-results/articles/ace_outputs/html/Manual/19136216.html,,,Amygdala activity to fear and anger in healthy young males is associated with testosterone - ScienceDirect,0,0,0,0,1,,no_coord_table_detected|no_supplement_cues_detected,Amygdala activity to fear and anger in healthy young males is associated with testosterone - ScienceDirect Amygdala activity to fear and anger in healthy young males is associated with testosterone - ScienceDirect Skip to main content Skip to article ScienceDirect Journals & Books Help Search My account The University of Texas at Austin View PDF Do
19199417,ace_html,projects/social/v3-search-all_pmids,True,found,missed_in_main_text,Journal of cognitive neuroscience,/home/zorro/repos/autonima-results/articles/ace_outputs/html/Journal of cognitive neuroscience/19199417.html,/home/zorro/repos/autonima-results/articles/ace_outputs/html/Journal of cognitive neuroscience/19199417.html,,,How Do We Empathize with Someone Who Is Not Like Us? A Functional Magnetic Resonance Imaging Study | Journal of Cognitive Neuroscience | MIT Press,2,2,1,0,2,,coord_tables:2|coord_keyword_tables:2|xyz_header_tables:0|max_triplets_in_table:46,"Cluster Size k . t . x . y . z . Anatomical Location and Area . Frontal and Insular Cortex 264 8.32 16 16 60 dorsomedial PFC X 4.97 4 14 62 SMA (area 6) X 4.75 6 22 48 dorsomedial PFC 1007 7.84 60 12 18 vPMC, pars opercularis (area 44) X 7.00 58 20 22 vPMC, pars triangularis (area 45) X 6.70 54 12 30 vPMC, pars opercularis (area 44) 309 5.29 -48 6 "
19304843,ace_html,projects/social/v3-search-all_pmids,True,found,tables_linked_not_fetched,pond,/home/zorro/repos/autonima-results/articles/ace_outputs/html/pond/19304843.html,/home/zorro/repos/autonima-results/articles/ace_outputs/html/pond/19304843.html,,,What motivates repayment? Neural correlates of reciprocity in the Trust Game,0,0,1,0,1,,table_expansion_links:1|table_external_links:0|table_placeholders:7|example_link:294/T1.expansion.html,"ess frequently chosen alternative, regardless of whether the less frequent alternative was to reciprocate or to defect. View this table: In this window In a new window Table 1 Brain regions revealed by whole brain contrasts and regressions analysis View l"
19420266,ace_html,projects/cue_reactivity/v5,True,found,missed_in_main_text,The Journal of neuroscience : the official journal of the Society for Neuroscience,/home/zorro/repos/autonima-results/articles/ace_outputs/html/The Journal of neuroscience : the official journal of the Society for Neuroscience/19420266.html,/home/zorro/repos/autonima-results/articles/ace_outputs/html/The Journal of neuroscience : the official journal of the Society for Neuroscience/19420266.html,,,Dopaminergic Response to Drug Words in Cocaine Addiction - PMC,2,1,1,0,1,,coord_tables:1|coord_keyword_tables:1|xyz_header_tables:1|max_triplets_in_table:10,Region of activation and variable Laterality Talairach coordinates Voxels t -stat a x y z Cocaine-addicted individuals Drug > neutral words Mesencephalon (substantia nigra) R 6 -12 -9 39 4.1 * Mesencephalon (substantia nigra) L -6 -15 -12 3.4 * Group by word interaction Mesencephalon (substantia nigra) R 3 -15 -12 21 3.3 * Correlations with word fl
19538748,pubget,projects/vbm_of_ptsd/v1,True,found,supplement_only_or_referenced,pubget_data,/home/zorro/repos/autonima-results/projects/vbm_of_ptsd/v1/retrieval/pubget_data/articles/97e/pmcid_2704184/article.xml,/home/zorro/repos/autonima-results/projects/vbm_of_ptsd/v1/retrieval/pubget_data/articles/97e/pmcid_2704184/article.xml,/home/zorro/repos/autonima-results/projects/vbm_of_ptsd/v1/retrieval/pubget_data/articles/97e/pmcid_2704184/tables/tables.xml,/home/zorro/repos/autonima-results/projects/vbm_of_ptsd/v1/retrieval/pubget_data/articles/97e/pmcid_2704184/tables/tables.xml,Insular cortex involvement in declarative memory deficits in patients with post-traumatic stress disorder,0,0,2,0,0,,supplement_cue:supplement|supplement_cue:supplementary,a><meta-name>pmc-prop-has-pdf</meta-name><meta-value>yes</meta-value></custom-meta><custom-meta><meta-name>pmc-prop-has-supplement</meta-name><meta-value>yes</meta-value></custom-meta><custom-meta><meta-name>pmc-prop-pdf-only</meta-name><meta-value>n
19587274,ace_html,projects/decision_making/v2,False,missing,,,/home/zorro/repos/autonima-results/projects/decision_making/ace_outputs/html/The Journal of neuroscience : the official journal of the Society for Neuroscience/19587274.html,,,,,0,0,0,0,1,,html_missing,
19794316,ace_html,projects/vbm_of_ptsd/v1,True,found,tables_present_no_coordinate_content,manual,/home/zorro/repos/autonima-results/articles/ace_outputs/html/manual/19794316.html,/home/zorro/repos/autonima-results/articles/ace_outputs/html/manual/19794316.html,,,NeuroReport,1,0,0,0,1,,table_count:1|no_coord_table_detected,NeuroReport NeuroReport Log in or Register Subscribe to journal Subscribe Get new issue alerts Get alerts Submit your manuscript Subscribe to eTOC Secondary Logo Enter your Email address: Privacy Policy Journal Logo Articles Articles Advanced Search Toggle navigation Subscribe Register Login Browsing History Articles & Issues Current Issue Previous
19812332,ace_html,projects/decision_making/v2,True,found,tables_present_no_coordinate_content,The Journal of neuroscience : the official journal of the Society for Neuroscience,/home/zorro/repos/autonima-results/articles/ace_outputs/html/The Journal of neuroscience : the official journal of the Society for Neuroscience/19812332.html,/home/zorro/repos/autonima-results/articles/ace_outputs/html/The Journal of neuroscience : the official journal of the Society for Neuroscience/19812332.html,,,"Neural Correlates of Value, Risk, and Risk Aversion Contributing to Decision Making under Risk - PMC",1,0,1,0,1,,table_count:1|no_coord_table_detected,"Neural Correlates of Value, Risk, and Risk Aversion Contributing to Decision Making under Risk - PMC Neural Correlates of Value, Risk, and Risk Aversion Contributing to Decision Making under Risk - PMC Skip to main content An official website of the United States government Here's how you know Here's how you know Official websites use .gov A .gov w"
19907419,ace_html,projects/cue_reactivity/v5,True,found,missed_in_main_text,Neuropsychopharmacology : official publication of the American College of Neuropsychopharmacology,/home/zorro/repos/autonima-results/articles/ace_outputs/html/Neuropsychopharmacology : official publication of the American College of Neuropsychopharmacology/19907419.html,/home/zorro/repos/autonima-results/articles/ace_outputs/html/Neuropsychopharmacology : official publication of the American College of Neuropsychopharmacology/19907419.html,,,Neural Substrates of Alcohol-Induced Smoking Urge in Heavy Drinking Nondaily Smokers - PMC,1,1,0,0,1,,coord_tables:1|coord_keyword_tables:1|xyz_header_tables:1|max_triplets_in_table:43,"ANOVA Post hoc t -test MNI Coordinates Main effect Direction Region Laterality Cluster size (mm 3 ) Z score ( x , y , z ) Session PBO>ALC Middle occipital gyrus R 10 040 5.40 46 -82 0 L 504 3.60 -28 -92 6 L 144 3.50 -38 -72 18 Cuneus L 304 4.64 -24 -100 26 R 720 3.87 20 -94 32 R 408 3.85 14 -104 18 R 1232 3.68 2 -92 6 R 392 3.61 4 -72 12 Precuneus "
19968401,ace_html,projects/cue_reactivity/v5,True,found,missed_in_main_text,Experimental and clinical psychopharmacology,/home/zorro/repos/autonima-results/articles/ace_outputs/html/Experimental and clinical psychopharmacology/19968401.html,/home/zorro/repos/autonima-results/articles/ace_outputs/html/Experimental and clinical psychopharmacology/19968401.html,,,Brain fMRI Responses to Smoking-Related Images Prior to and During Extended Smoking Abstinence - PMC,3,3,1,0,1,,coord_tables:3|coord_keyword_tables:3|xyz_header_tables:3|max_triplets_in_table:78,"Smoking-Related > Neutral Images Brodmann Area Talairach Coordinates t Voxels Brain Area x y z Frontal Cortex Medial Frontal G. 8, 9,10 -18 35 43 5.8 7606 6 0 -10 64 4.8 336 6 6 32 56 4.2 75 Superior Frontal G. 6 -27 -1 64 4.1 44 Cingulate Anterior 32 9 20 31 4.6 79 Posterior 31 18 -37 40 4.6 506 29, 30, 31 3 -46 19 4.5 963 31 0 -16 34 5.6 1521 Tem"
20032238,ace_html,projects/decision_making/v2,True,found,missed_in_main_text,Journal of neurophysiology,/home/zorro/repos/autonima-results/articles/ace_outputs/html/Journal of neurophysiology/20032238.html,/home/zorro/repos/autonima-results/articles/ace_outputs/html/Journal of neurophysiology/20032238.html,,,Neural Representation of Subjective Value Under Risk and Ambiguity | Journal of Neurophysiology | American Physiological Society,1,1,1,0,1,,coord_tables:1|coord_keyword_tables:1|xyz_header_tables:1|max_triplets_in_table:7,"Contrast Region Coordinates Volume, mm 3 t P x y z SV under ambiguity Striatum 0 11 8 559 4.76 <0.0005 MPFC 1 40 13 7208 5.67 <0.00005 PCC -6 -51 14 7723 6.16 <0.00001 Left amygdala -18 -5 -10 839 5.62 <0.00005 STS 54 -5 -9 826 4.61 <0.0005 SV under risk Striatum -1 10 6 817 3.88 <0.005 MPFC -4 48 17 5670 3.99 <0.001"
20032247,ace_html,projects/decision_making/v2,False,missing,,,/home/zorro/repos/autonima-results/projects/decision_making/ace_outputs/html/Journal of neurophysiology/20032247.html,,,,,0,0,0,0,1,,html_missing,
20071521,ace_html,projects/social/v3-search-all_pmids,True,found,supplement_only_or_referenced,pond,/home/zorro/repos/autonima-results/articles/ace_outputs/html/pond/20071521.html,/home/zorro/repos/autonima-results/articles/ace_outputs/html/pond/20071521.html,,,Value Computations in Ventral Medial Prefrontal Cortex during Charitable Decision Making Incorporate Input from Regions Involved in Social Cognition | Journal of Neuroscience,0,0,7,0,1,,supplement_cue:supplemental|supplement_cue:Table S6|supplement_cue:Table S4|supplement_cue:Table S5|supplement_cue:Table S1,"logy (Pasadena, CA) approved the study. Stimuli and task. Seventy-five charitable organizations were used in the study (supplemental Table S6, available at www.jneurosci.org as supplemental material). Before entering the scanner, subjects completed two"
20172508,elsevier_output,projects/cue_reactivity/v5,True,found,tables_present_no_coordinate_content,elsevier_output,/home/zorro/repos/autonima-results/articles/elsevier_output/20172508/article.xml,/home/zorro/repos/autonima-results/articles/elsevier_output/20172508/article.xml,/home/zorro/repos/autonima-results/articles/elsevier_output/20172508/tables/*.csv,/home/zorro/repos/autonima-results/articles/elsevier_output/20172508/tables/01_tbl1.csv,Brain Reactivity to Smoking Cues Prior to Smoking Cessation Predicts Ability to Maintain Tobacco Abstinence,1,0,7,0,0,,table_count:1|coord_keywords:0|triplets:0|no_coord_table_detected,"<full-text-retrieval-response xmlns=""http://www.elsevier.com/xml/svapi/article/dtd"" xmlns:bk=""http://www.elsevier.com/xml/bk/dtd"" xmlns:cals=""http://www.elsevier.com/xml/common/cals/dtd"" xmlns:ce=""http://www.elsevier.com/xml/common/dtd"" xmlns:ja=""http://www.elsevier.com/xml/ja/dtd"" xmlns:mml=""http://www.w3.org/1998/Math/MathML"" xmlns:sa=""http://www"
20188198,ace_html,projects/decision_making/v2,True,found,supplement_only_or_referenced,Manual,/home/zorro/repos/autonima-results/articles/ace_outputs/html/Manual/20188198.html,/home/zorro/repos/autonima-results/articles/ace_outputs/html/Manual/20188198.html,,,Adolescent risky decision-making: Neurocognitive development of reward and control regions - ScienceDirect,0,0,3,0,1,,supplement_cue:Appendix|supplement_cue:Supplementary|supplement_cue:supplemental,ad full issue Search ScienceDirect Outline Abstract Materials and methods Results Discussion Conclusion Acknowledgments Appendix A. Supplementary data References Show full outline Cited by (388) Figures (4) Extras (6) Download all Supplementary Tab
20331560,ace_html,projects/cue_reactivity/v5,True,found,tables_present_no_coordinate_content,Addiction biology,/home/zorro/repos/autonima-results/articles/ace_outputs/html/Addiction biology/20331560.html,/home/zorro/repos/autonima-results/articles/ace_outputs/html/Addiction biology/20331560.html,,,Severity of dependence modulates smokers' neuronal cue reactivity and cigarette craving elicited by tobacco advertisement - Vollstädt‐Klein - 2011 - Addiction Biology - Wiley Online Library,1,0,4,0,1,,table_count:1|no_coord_table_detected,Severity of dependence modulates smokers' neuronal cue reactivity and cigarette craving elicited by tobacco advertisement - Vollstädt‐Klein - 2011 - Addiction Biology - Wiley Online Library Severity of dependence modulates smokers' neuronal cue reactivity and cigarette craving elicited by tobacco advertisement - Vollstädt‐Klein - 2011 - Addiction B
20350171,ace_html,projects/social/v3-search-all_pmids,True,found,missed_in_main_text,pond,/home/zorro/repos/autonima-results/articles/ace_outputs/html/pond/20350171.html,/home/zorro/repos/autonima-results/articles/ace_outputs/html/pond/20350171.html,,,MIT Press Journals - Journal of Cognitive Neuroscience - Full Text,38,4,0,0,1,,coord_tables:4|coord_keyword_tables:8|xyz_header_tables:0|max_triplets_in_table:4,Hello. Sign in to personalize your visit. New user? Register now . UNIV OF TEXAS AT AUSTIN Home >> List of Issues >> Table of Contents >> Full Text << previous article | next article >> Quick Tools Email to a Colleague Add Article to Favorites Alert Me When new articles cite this article RSS (TOC Alert) RSS (Citation Alert) Download to Citation Man
20350187,ace_html,projects/social/v3-search-all_pmids,True,found,missed_in_main_text,pond,/home/zorro/repos/autonima-results/articles/ace_outputs/html/pond/20350187.html,/home/zorro/repos/autonima-results/articles/ace_outputs/html/pond/20350187.html,,,MIT Press Journals - Journal of Cognitive Neuroscience - Full Text,29,4,0,0,1,,coord_tables:4|coord_keyword_tables:4|xyz_header_tables:0|max_triplets_in_table:3,Hello. Sign in to personalize your visit. New user? Register now . UNIV OF TEXAS AT AUSTIN Home >> List of Issues >> Table of Contents >> Full Text << previous article | next article >> Quick Tools Email to a Colleague Add Article to Favorites Alert Me When new articles cite this article RSS (TOC Alert) RSS (Citation Alert) Download to Citation Man
20505110,ace_html,projects/decision_making/v2,True,found,missed_in_main_text,The Journal of neuroscience : the official journal of the Society for Neuroscience,/home/zorro/repos/autonima-results/articles/ace_outputs/html/The Journal of neuroscience : the official journal of the Society for Neuroscience/20505110.html,/home/zorro/repos/autonima-results/articles/ace_outputs/html/The Journal of neuroscience : the official journal of the Society for Neuroscience/20505110.html,,,Perceptual Decisions Formed by Accumulation of Audiovisual Evidence in Prefrontal Cortex - PMC,2,2,1,0,1,,coord_tables:2|coord_keyword_tables:2|xyz_header_tables:0|max_triplets_in_table:18,Region Coordinates z -score peak Number of voxels p value (cluster) corrected * Visual: intact > degraded R. lateral occipital sulcus 36 -87 -9 6.1 62 0.005 L. lateral occipital sulcus -36 -87 -9 5.7 72 0.002 Visual: degraded > intact L. occipital pole/cuneolingual gyrus -9 -96 -3 >8 2814 <0.001 R. occipital pole 15 -99 3 >8 R. lat. occipitotempora
20534459,ace_html,projects/social/v3-search-all_pmids,True,found,tables_linked_not_fetched,pond,/home/zorro/repos/autonima-results/articles/ace_outputs/html/pond/20534459.html,/home/zorro/repos/autonima-results/articles/ace_outputs/html/pond/20534459.html,,,Neural correlates of anchoring-and-adjustment during mentalizing,0,0,2,0,1,,table_expansion_links:1|table_external_links:0|table_placeholders:10|example_link:10827/T1.expansion.html,line ( 29 ). The z axis displays changes in the shape of this response across varying levels of self–other discrepancy. View this table: In this window In a new window Table 1. Regions significantly modulated by self–other discrepancy during Other judgmen
20571434,ace_html,projects/cue_reactivity/v5,True,found,missed_in_main_text,Journal of clinical psychopharmacology,/home/zorro/repos/autonima-results/articles/ace_outputs/html/Journal of clinical psychopharmacology/20571434.html,/home/zorro/repos/autonima-results/articles/ace_outputs/html/Journal of clinical psychopharmacology/20571434.html,,,THE EFFECT OF ARIPIPRAZOLE ON CUE-INDUCED BRAIN ACTIVATION AND DRINKING PARAMETERS IN ALCOHOLICS - PMC,2,1,0,0,1,,coord_tables:1|coord_keyword_tables:1|xyz_header_tables:1|max_triplets_in_table:15,Group Region X Y Z T value Cluster Size Placebo Right inferior occipital 33 -90 -6 8.41 472 Left superior/medial frontal -21 33 57 5.46 142 Left inferior occipital -39 -69 -9 4.68 68 Left VTA -3 3 -18 4.68 21 Left middle occipital -30 -96 -3 4.29 119 Inferior temporal -48 6 -36 3.82 17 Left parahippocapus -21 -18 -24 3.77 21 Right ventral striatum 
20703221,ace_html,projects/cue_reactivity/v5,True,found,missed_in_main_text,Neuropsychopharmacology : official publication of the American College of Neuropsychopharmacology,/home/zorro/repos/autonima-results/articles/ace_outputs/html/Neuropsychopharmacology : official publication of the American College of Neuropsychopharmacology/20703221.html,/home/zorro/repos/autonima-results/articles/ace_outputs/html/Neuropsychopharmacology : official publication of the American College of Neuropsychopharmacology/20703221.html,,,Neural Substrates of Attentional Bias for Smoking-Related Cues: An fMRI Study - PMC,1,1,1,0,1,,coord_tables:1|coord_keyword_tables:0|xyz_header_tables:1|max_triplets_in_table:8,"Brain area Brodmann area x y z Volume (mm 3 ) r Positive correlation Insula 13 35 3.5 -10 934 0.56 Parahippocampal gyrus 35, 36 22 -35 -14 1088 0.64 Amygdala, hippocampus, parahippocampal gyrus, insula 13, 36 -28 0 -14 1255 0.61 Middle occipital gyrus, fusiform gyrus 18, 19 -35 -86 -8 1300 0.58 Negative correlation Precuneus 7 -3 -35 43 910 -0.55 P"
20705602,ace_html,projects/social/v3-search-all_pmids,True,found,tables_linked_not_fetched,pond,/home/zorro/repos/autonima-results/articles/ace_outputs/html/pond/20705602.html,/home/zorro/repos/autonima-results/articles/ace_outputs/html/pond/20705602.html,,,Eyes on me: an fMRI study of the effects of social gaze on action control,0,0,1,0,1,,table_expansion_links:1|table_external_links:0|table_placeholders:8|example_link:393/T1.expansion.html,"al cortex, ACC: anterior cingulate cortex, DMPFC: dorsal medial prefrontal cortex, THA: thalamus, DS: dorsal striatum). View this table: In this window In a new window Table 1 Neural correlates Incongruent responses regardless of the stimulus type, i.e. t"
20729530,ace_html,projects/cue_reactivity/v5,True,found,missed_in_main_text,"Alcohol and alcoholism (Oxford, Oxfordshire)","/home/zorro/repos/autonima-results/articles/ace_outputs/html/Alcohol and alcoholism (Oxford, Oxfordshire)/20729530.html","/home/zorro/repos/autonima-results/articles/ace_outputs/html/Alcohol and alcoholism (Oxford, Oxfordshire)/20729530.html",,,"fMRI BOLD Response in High-risk College Students (Part 1): During Exposure to Alcohol, Marijuana, Polydrug and Emotional Picture Cues - PMC",2,2,0,0,1,,coord_tables:2|coord_keyword_tables:2|xyz_header_tables:2|max_triplets_in_table:26,"Region MNI co-ordinates ( x , y , z ) Number of voxels Z Alcohol > neutral a Right insula 34, 16, 6 45 2.01 Left anterior cingulate -8, 30, -14 15 1.86 Left medial frontal gyrus -8, 50, -6 53 1.81 Left middle frontal gyrus -24, 48, -16 23 2.19 Right medial frontal gyrus 20, 50, 0 14 1.68 Left caudate -4, 12, 2 34 1.82 Right superior frontal gyrus 2"
20823246,ace_html,projects/cue_reactivity/v5,True,found,missed_in_main_text,Proceedings of the National Academy of Sciences of the United States of America,/home/zorro/repos/autonima-results/articles/ace_outputs/html/Proceedings of the National Academy of Sciences of the United States of America/20823246.html,/home/zorro/repos/autonima-results/articles/ace_outputs/html/Proceedings of the National Academy of Sciences of the United States of America/20823246.html,,,Oral methylphenidate normalizes cingulate activity in cocaine addiction during a salient cognitive task - PMC,1,1,5,0,1,,coord_tables:1|coord_keyword_tables:1|xyz_header_tables:1|max_triplets_in_table:28,"BA Side Number of voxels Z P cluster-level corrected x y z MPH > PL rvACC/mOFC 32 M 59 4.5 0.003 * 0 36 -3 cdACC 24 L 74 5.4 0.038 6 -9 42 MPH < PL Posterior cingulate cortex 23, 31 L 481 5.2 0.000 -9 -30 30 CUD: MPH > PL rvACC/mOFC 10, 32 M 46 5.0 0.006 * 0 36 -3 cdACC 24, 32 R 101 4.2 0.012 6 -9 45 24, 32 L 101 4.2 0.012 -3 9 36 Superior occipita"
21078704,ace_html,projects/vbm_of_substance_use/v2,True,found,missed_in_main_text,The American journal of psychiatry,/home/zorro/repos/autonima-results/articles/ace_outputs/html/The American journal of psychiatry/21078704.html,/home/zorro/repos/autonima-results/articles/ace_outputs/html/The American journal of psychiatry/21078704.html,,,Association of Frontal and Posterior Cortical Gray Matter V olume With Time to Alcohol Relapse: A Prospective Study - PMC,2,1,1,0,1,,coord_tables:1|coord_keyword_tables:1|xyz_header_tables:0|max_triplets_in_table:7,"Cluster p b Voxels in Cluster Cluster Volume (ml) Brodmann’s Areas Lateral prefrontal: inferior frontal gyrus, middle frontal gyrus, superior frontal gyrus 0.004 8,060 27.20 10, 11, 45, 46 Parietal-occipital: precuneus, cuneus, posterior cingulate gyrus 0.009 6,886 23.24 17, 18, 19, 23/31 Medial frontal: paracentral lobule, superior frontal gyrus, "
21106817,ace_html,projects/decision_making/v2,True,found,missed_in_main_text,The Journal of neuroscience : the official journal of the Society for Neuroscience,/home/zorro/repos/autonima-results/articles/ace_outputs/html/The Journal of neuroscience : the official journal of the Society for Neuroscience/21106817.html,/home/zorro/repos/autonima-results/articles/ace_outputs/html/The Journal of neuroscience : the official journal of the Society for Neuroscience/21106817.html,,,Neural Representations of Relevant and Irrelevant Features in Perceptual Decision Making - PMC,2,1,3,0,1,,coord_tables:1|coord_keyword_tables:1|xyz_header_tables:1|max_triplets_in_table:45,Region Hemi Coordinates T stat Overlap X Y Z Attend-motion SFG L -24 -11 58 -19.76 5 mIPS L -24 -69 55 -16.34 5 SFG R 30 -9 52 -15.01 5 aIPS L -38 -46 45 -9.61 5 SMA M 0 1 63 -16.71 4 SMA M -2 12 57 -13.31 4 mIPS R 26 -76 44 -11.54 4 PMC L -46 -2 41 -11.48 4 mIPS R 22 -71 62 -11.36 4 aINS L -30 22 8 -10.72 4 pIPS L -24 -76 26 -10.21 4 aINS R 42 18 
21199958,ace_html,projects/cue_reactivity/v5,True,found,missed_in_main_text,Archives of general psychiatry,/home/zorro/repos/autonima-results/articles/ace_outputs/html/Archives of general psychiatry/21199958.html,/home/zorro/repos/autonima-results/articles/ace_outputs/html/Archives of general psychiatry/21199958.html,,,Effects of Varenicline on Smoking Cue–Triggered Neural and Craving Responses - PMC,6,4,1,0,1,,coord_tables:4|coord_keyword_tables:0|xyz_header_tables:4|max_triplets_in_table:37,Region Both Groups at Time 1 Varenicline Group at Time 2 Placebo Group at Time 2 x y z t x y z t x y z t VS and medial OFC bilateral b -6 28 18 3.77 -2 18 -14 3.45 Medial OFC b -10 60 -20 -4.21 4 52 -14 -5.63 -8 48 -14 -3.58 -10 26 -20 -3.75 Superior frontal gyrus -14 70 6 -6.84 Dorsolateral prefrontal cortex 36 54 18 -5.04 Amygdala 44 12 -22 -3.02
21248113,ace_html,projects/cue_reactivity/v5,True,found,missed_in_main_text,The Journal of neuroscience : the official journal of the Society for Neuroscience,/home/zorro/repos/autonima-results/articles/ace_outputs/html/The Journal of neuroscience : the official journal of the Society for Neuroscience/21248113.html,/home/zorro/repos/autonima-results/articles/ace_outputs/html/The Journal of neuroscience : the official journal of the Society for Neuroscience/21248113.html,,,Spontaneous Action Representation in Smokers when Watching Movie Characters Smoke - PMC,1,1,0,0,1,,coord_tables:1|coord_keyword_tables:1|xyz_header_tables:1|max_triplets_in_table:19,Brain region Side BA t Value Coordinates of peak activation x y z Anterior intraparietal sulcus L 40 5.46 -39 -48 42 Anterior intraparietal sulcus R 40 5.30 45 -48 48 Dorsal premotor cortex L 6 5.04 -21 9 51 Dorsal premotor cortex R 6 6.23 24 12 60 Dorsal anterior cingulate cortex L 6/32 5.78 -6 24 39 Dorsal anterior cingulate cortex R 18 3.17 9 30
21316465,elsevier_output,projects/cue_reactivity/v5,True,found,tables_present_no_coordinate_content,elsevier_output,/home/zorro/repos/autonima-results/articles/elsevier_output/21316465/article.xml,/home/zorro/repos/autonima-results/articles/elsevier_output/21316465/article.xml,/home/zorro/repos/autonima-results/articles/elsevier_output/21316465/tables/*.csv,/home/zorro/repos/autonima-results/articles/elsevier_output/21316465/tables/01_t0005.csv|/home/zorro/repos/autonima-results/articles/elsevier_output/21316465/tables/02_t0010.csv,Stability of fMRI striatal response to alcohol cues: A hierarchical linear modeling approach,2,0,0,0,0,,table_count:2|coord_keywords:2|triplets:0|no_coord_table_detected,"<full-text-retrieval-response xmlns=""http://www.elsevier.com/xml/svapi/article/dtd"" xmlns:bk=""http://www.elsevier.com/xml/bk/dtd"" xmlns:cals=""http://www.elsevier.com/xml/common/cals/dtd"" xmlns:ce=""http://www.elsevier.com/xml/common/dtd"" xmlns:ja=""http://www.elsevier.com/xml/ja/dtd"" xmlns:mml=""http://www.w3.org/1998/Math/MathML"" xmlns:sa=""http://www"
21325535,ace_html,projects/decision_making/v2,True,found,missed_in_main_text,The Journal of neuroscience : the official journal of the Society for Neuroscience,/home/zorro/repos/autonima-results/articles/ace_outputs/html/The Journal of neuroscience : the official journal of the Society for Neuroscience/21325535.html,/home/zorro/repos/autonima-results/articles/ace_outputs/html/The Journal of neuroscience : the official journal of the Society for Neuroscience/21325535.html,,,Dissociating the Effect of Noise on Sensory Processing and Overall Decision Difficulty - PMC,3,1,1,0,1,,coord_tables:1|coord_keyword_tables:1|xyz_header_tables:1|max_triplets_in_table:16,"MNI coords ( x , y , z ) t (15) value Cluster size Area N-p > N-a 32, -84, 8 9.00 1074 R Mid occipital (DOT-LOS) 26, -88, -5 8.75 R Inf occipital -30, -90, 10 7.11 660 L Mid occipital (DOT-LOS) -26, -82, -10 6.23 L Inf occipital -28, -60, -10 4.80 L fusiform (VOT-mpFs) 50, -56, -10 6.69 140 R Inf temporal 32, -44, -16 5.24 33 R fusiform (VOT-mpFs) "
21354189,ace_html,projects/decision_making/v2,True,found,missed_in_main_text,Neuropsychologia,/home/zorro/repos/autonima-results/articles/ace_outputs/html/Neuropsychologia/21354189.html,/home/zorro/repos/autonima-results/articles/ace_outputs/html/Neuropsychologia/21354189.html,,,Uncovering Putative Neural Markers of Risk Avoidance - PMC,2,2,0,0,1,,coord_tables:2|coord_keyword_tables:2|xyz_header_tables:2|max_triplets_in_table:75,Region Cluster Size x y z Z Prob40+60 > Prob100 Precuneus 6872 24 -60 52 6.22 24 -66 58 5.56 24 -66 48 5.31 Superior parietal lobule 24 -60 60 5.8 Fusiform gyrus 22 -92 -10 5.14 Middle occipital gyrus 38 -88 4 5.12 Lateral occipital cortex 5909 -26 -90 2 6.04 Middle occipital gyrus -24 -96 10 5.09 Cuneus -20 -96 4 5.51 -24 -84 14 5.2 Precuneus -26 
21383264,ace_html,projects/vbm_of_substance_use/v2,True,found,missed_in_main_text,Archives of general psychiatry,/home/zorro/repos/autonima-results/articles/ace_outputs/html/Archives of general psychiatry/21383264.html,/home/zorro/repos/autonima-results/articles/ace_outputs/html/Archives of general psychiatry/21383264.html,,,Gene by Disease Interaction on Orbitofrontal Gray Matter in Cocaine Addiction - PMC,4,2,0,0,1,,coord_tables:2|coord_keyword_tables:2|xyz_header_tables:2|max_triplets_in_table:16,"Region, BA MNI Coordinates peak voxel x, y, z Z score Cluster size (mm 3 ) SPM5 P value b CUD < CON (N=82) OFC, 11 -22 24 -16 3.79 393 .036 DLPFC, 9 36 20 27 3.99 293 .020 Temporal, 37 50 -53 2 3.89 1116 .036 Hippocampus 35 -12 -16 4.30 5238 .036 Parahippocampus, 34 31 2 -18 3.55 .021 CUD-L < CON-L (N=42) OFC, 11 -21 25 -16 4.01 1251 .037 Gyrus Rec"
21418787,ace_html,projects/vbm_of_ptsd/v1,True,found,missed_in_main_text,manual,/home/zorro/repos/autonima-results/articles/ace_outputs/html/manual/21418787.html,/home/zorro/repos/autonima-results/articles/ace_outputs/html/manual/21418787.html,,,Structural brain abnormalities common to posttraumatic stress disorder and depression - PMC,5,5,1,0,1,,coord_tables:5|coord_keyword_tables:5|xyz_header_tables:5|max_triplets_in_table:14,"Foci of activation Brodmann area MNI coordinate z score Cluster size x y z Middle cingulate cortex 6 2 -7 41 4.23 780 Superior frontal gyrus/medial frontal gyrus/anterior cingulate gyrus 8, 9, 10, 32 3 54 30 4.12 605 Right middle frontal gyrus/superior frontal gyrus 8, 9, 10 34 25 52 4.07 1260 Right angular gyrus † 39 55 -55 37 3.92 304 Right super"
21451019,ace_html,projects/decision_making/v2,True,found,missed_in_main_text,The Journal of neuroscience : the official journal of the Society for Neuroscience,/home/zorro/repos/autonima-results/articles/ace_outputs/html/The Journal of neuroscience : the official journal of the Society for Neuroscience/21451019.html,/home/zorro/repos/autonima-results/articles/ace_outputs/html/The Journal of neuroscience : the official journal of the Society for Neuroscience/21451019.html,,,"The Known Unknowns: Neural Representation of Second-Order Uncertainty, and Ambiguity - PMC",4,1,2,0,1,,coord_tables:1|coord_keyword_tables:1|xyz_header_tables:0|max_triplets_in_table:17,"Brain regions Brodmann area of local maxima Hemisphere Voxel number Voxel t score Montreal Neurological Institute brain template coordinates of local maxima Responses to low second-order uncertainty (i.e. entropy) within ambiguous gambles Posterior cingulate, superior parietal lobule, postcentral gyrus, parahippocampal gyrus, precuneus, middle temp"
21606658,ace_html,projects/social/v3-search-all_pmids,True,found,supplement_only_or_referenced,pond,/home/zorro/repos/autonima-results/articles/ace_outputs/html/pond/21606658.html,/home/zorro/repos/autonima-results/articles/ace_outputs/html/pond/21606658.html,,,The Role of the Right Hemisphere for Processing of Social Interactions in Normal Adults Using Functional Magnetic Resonance Imaging | Neuropsychobiology | Karger Publishers,0,0,1,0,1,,supplement_cue:Supplementary,"Functional magnetic resonance imaging , Right hemisphere , Social interactions This content is only available via PDF. Supplementary Material for: The Role of the Right Hemisphere for Processing of Social Interactions in Normal Adults Using Functional"
21691942,ace_html,projects/vbm_of_substance_use/v2,True,found,missed_in_main_text,Psychopharmacology,/home/zorro/repos/autonima-results/articles/ace_outputs/html/Psychopharmacology/21691942.html,/home/zorro/repos/autonima-results/articles/ace_outputs/html/Psychopharmacology/21691942.html,,,Elevated gray and white matter densities in cocaine abstainers compared to current users - PMC,3,2,1,0,1,,coord_tables:2|coord_keyword_tables:2|xyz_header_tables:0|max_triplets_in_table:22,"Significant clusters * Brodmann MNI coordinates Maximum a Users vs controls Lower signal intensity R Medial frontal gyrus 10/32 10 66 2 6.18 L Middle frontal gyrus 8/9 -28 34 44 4.79 R Inferior frontal gyrus 44/45 16 8 -16 4.64 L Inferior frontal gyrus 44/45 -42 26 -6 5.99 L Superior temporal gyrus 38 -28 10 -22 4.6 R Caudate 16 20 6 4.82 R, L Cere"
21710131,ace_html,projects/vbm_of_ptsd/v1,True,found,tables_linked_not_fetched,manual,/home/zorro/repos/autonima-results/articles/ace_outputs/html/manual/21710131.html,/home/zorro/repos/autonima-results/articles/ace_outputs/html/manual/21710131.html,,,Evidence of diffuse damage in frontal and occipital cortex in the brain of patients with post-traumatic stress disorder | Neurological Sciences | Springer Nature Link,0,0,0,0,1,,table_expansion_links:0|table_external_links:3|table_placeholders:0|example_link:/article/10.1007/s10072-011-0659-4/tables/1,Evidence of diffuse damage in frontal and occipital cortex in the brain of patients with post-traumatic stress disorder | Neurological Sciences | Springer Nature Link Evidence of diffuse damage in frontal and occipital cortex in the brain of patients with post-traumatic stress disorder | Neurological Sciences | Springer Nature Link Skip to main con
21766170,ace_html,projects/decision_making/v2,True,found,missed_in_main_text,Psychopharmacology,/home/zorro/repos/autonima-results/articles/ace_outputs/html/Psychopharmacology/21766170.html,/home/zorro/repos/autonima-results/articles/ace_outputs/html/Psychopharmacology/21766170.html,,,Smoking withdrawal is associated with increases in brain activation during decision making and reward anticipation: A preliminary study - PMC,2,1,2,0,1,,coord_tables:1|coord_keyword_tables:1|xyz_header_tables:1|max_triplets_in_table:25,"Brain Area Side # of voxels Z max MNI Coordinates x y Z Selection Phase (Abstinent > Satiated, Money > Control) Postcentral Gyrus L 1072 3.28 -26 -32 60 Insula R 393 3.43 44 -8 -12 Lingual Gyrus * L 385 2.80 -16 -56 -4 Rolandic Operculum * R 362 3.61 52 -26 22 Postcentral Gyrus R 333 2.97 34 -30 54 Cerebellum L 256 3.05 -2 -54 -16 Rolandic Operculu"
21790899,ace_html,projects/cue_reactivity/v5,True,found,missed_in_main_text,Addiction biology,/home/zorro/repos/autonima-results/articles/ace_outputs/html/Addiction biology/21790899.html,/home/zorro/repos/autonima-results/articles/ace_outputs/html/Addiction biology/21790899.html,,,Neural Correlates of Craving and Resisting Craving for Tobacco in Nicotine Dependent Smokers - PMC,5,5,0,0,1,,coord_tables:5|coord_keyword_tables:5|xyz_header_tables:5|max_triplets_in_table:41,"Contrast Cluster Z Max p Voxel MNI (x,y,z) Anatomy Smoke>Neutral 2 4.24 .0004 3706 18, 50, -8 R Frontal Middle Orbital Gyrus 3.97 14, 42, -6 3.92 4, 50, -8 4.16 -14, 36, -2 L Anterior Cingulate Gyrus 3.86 -6, 42, -8 L Frontal Mid Orbital Gyrus 3.78 -6, 54, -8 1 4.31 .0008 3316 6,-54, 28 R Precuneus 4.3 -8, -58, 24 L Precuneus 4.09 -6, -58, 38 3.5 -"
21849560,ace_html,projects/social/v3-search-all_pmids,True,found,tables_linked_not_fetched,pond,/home/zorro/repos/autonima-results/articles/ace_outputs/html/pond/21849560.html,/home/zorro/repos/autonima-results/articles/ace_outputs/html/pond/21849560.html,,,The Control of Mimicry by Eye Contact Is Mediated by Medial Prefrontal Cortex | Journal of Neuroscience,0,0,0,0,1,,table_expansion_links:0|table_external_links:1|table_placeholders:0|example_link:/highwire/markup/534902/expansion?width=1000&height=500&iframe=true&postprocessors=highwire_tables%2Chighwire_reclass%2Chighwire_figures%2Chighwire_math%2Chighwire_inline_linked_media%2Chighwire_embed,"familywise error (FWE) correction of p < 0.05 over the whole brain are discussed and reported in Table 1 and Figure 2 . View this table: View inline View popup Table 1. Cortical activation for the hand movement task, inhibition of mimicry, eye contact eff"
21859165,ace_html,projects/cue_reactivity/v5,True,found,missed_in_main_text,Journal of abnormal psychology,/home/zorro/repos/autonima-results/articles/ace_outputs/html/Journal of abnormal psychology/21859165.html,/home/zorro/repos/autonima-results/articles/ace_outputs/html/Journal of abnormal psychology/21859165.html,,,Quitting-Unmotivated and Quitting-Motivated Cigarette Smokers Exhibit Different Patterns of Cue-Elicited Brain Activation When Anticipating an Opportunity to Smoke - PMC,6,3,0,0,1,,coord_tables:3|coord_keyword_tables:3|xyz_header_tables:3|max_triplets_in_table:20,MNI Coordinates Region BA Size (mm 3 ) x y z Average F ratio Cigarette > Control Posterior cingulate g 31 405 3 -20 36 20.52 Posterior cingulate g 31 513 1 -49 33 19.82 L Angular g 39 1512 -55 -61 31 20.74 Precuneus/cuneus 18/7 351 -2 -75 29 18.21 Rostral ACC/medial frontal g 32/9/10 5535 6 49 0 22.59 L Inferior frontal g 47/45 729 -47 24 -4 20.39 
21862446,ace_html,projects/social/v3-search-all_pmids,True,found,supplement_only_or_referenced,pond,/home/zorro/repos/autonima-results/articles/ace_outputs/html/pond/21862446.html,/home/zorro/repos/autonima-results/articles/ace_outputs/html/pond/21862446.html,,,Orbitofrontal Cortex and Anterior Cingulate Cortex Are Modulated by Motivated Social Cognition | Cerebral Cortex | Oxford Academic,0,0,1,0,1,,supplement_cue:Supplementary,Navigation Volume 22 Issue 6 June 2012 Article Contents Abstract Introduction Materials and Methods Results Discussion Supplementary Material Funding References < Previous Next > Article Navigation Article Navigation Journal Article Orbitofrontal Corte
21864459,ace_html,projects/social/v3-search-all_pmids,True,found,unknown,pond,/home/zorro/repos/autonima-results/articles/ace_outputs/html/pond/21864459.html,/home/zorro/repos/autonima-results/articles/ace_outputs/html/pond/21864459.html,,,Cerebral correlates and statistical criteria of cross-modal face and voice integration - PubMed,0,0,0,0,1,,no_coord_table_detected|no_supplement_cues_detected,"Cerebral correlates and statistical criteria of cross-modal face and voice integration - PubMed Cerebral correlates and statistical criteria of cross-modal face and voice integration - PubMed Clipboard, Search History, and several other advanced features are temporarily unavailable. Skip to main page content An official website of the United States"
21908447,ace_html,projects/social/v3-search-all_pmids,True,found,tables_linked_not_fetched,pond,/home/zorro/repos/autonima-results/articles/ace_outputs/html/pond/21908447.html,/home/zorro/repos/autonima-results/articles/ace_outputs/html/pond/21908447.html,,,Dissociable neural correlates of stereotypes and other forms of semantic knowledge,0,0,1,0,1,,table_expansion_links:2|table_external_links:0|table_placeholders:12|example_link:764/T1.expansion.html,ely). Bar graphs display the mean parameter estimates from these regions for non-social (red) and social (blue) trials. View this table: In this window In a new window Table 1 Peak voxel and number of voxels for brain regions obtained from the random-effe
21933719,ace_html,projects/decision_making/v2,True,found,supplement_only_or_referenced,Manual,/home/zorro/repos/autonima-results/articles/ace_outputs/html/Manual/21933719.html,/home/zorro/repos/autonima-results/articles/ace_outputs/html/Manual/21933719.html,,,The neural encoding of guesses in the human brain - ScienceDirect,0,0,2,0,1,,supplement_cue:Appendix|supplement_cue:Supplementary,cienceDirect Outline Abstract Keywords Introduction Materials and methods Results Discussion Conclusion Acknowledgments Appendix A. Supplementary data References Show full outline Cited by (24) Figures (2) Extras (1) Supplementary materials. NeuroI
21940454,ace_html,projects/social/v3-search-all_pmids,True,found,tables_linked_not_fetched,pond,/home/zorro/repos/autonima-results/articles/ace_outputs/html/pond/21940454.html,/home/zorro/repos/autonima-results/articles/ace_outputs/html/pond/21940454.html,,,Supramodal Representation of Emotions | Journal of Neuroscience,0,0,0,0,1,,table_expansion_links:0|table_external_links:2|table_placeholders:0|example_link:/highwire/markup/536156/expansion?width=1000&height=500&iframe=true&postprocessors=highwire_tables%2Chighwire_reclass%2Chighwire_figures%2Chighwire_math%2Chighwire_inline_linked_media%2Chighwire_embed,"which they were presented in incongruent trials, and their influence on the response patterns can be found in Table 1 . View this table: View inline View popup Table 1. Response patterns for incongruent trials A repeated-measures ANOVA ( F (3,21) = 14.7;"
21995446,ace_html,projects/decision_making/v2,True,found,missed_in_main_text,Addiction biology,/home/zorro/repos/autonima-results/articles/ace_outputs/html/Addiction biology/21995446.html,/home/zorro/repos/autonima-results/articles/ace_outputs/html/Addiction biology/21995446.html,,,The effect of intravenous alcohol on the neural correlates of risky decision making in healthy social drinkers - PMC,1,1,0,0,1,,coord_tables:1|coord_keyword_tables:1|xyz_header_tables:1|max_triplets_in_table:40,Comparison Treatment Cluster size x y z t-score Brain region Choice: Risky > safe Placebo No clusters detected Alcohol 295 -9 -57 42 4.55 L. cingulate/precuneus 156 19 33 2 6.17 R. caudate/anterior cingulate 91 -7 15 8 5.13 L. caudate Interaction 339 19 -33 4 6.37 R. anterior cingulate/caudate 265 -17 27 12 4.66 L. anterior cingulate/caudate 208 -1
22006991,ace_html,projects/cue_reactivity/v5,True,found,missed_in_main_text,Social cognitive and affective neuroscience,/home/zorro/repos/autonima-results/articles/ace_outputs/html/Social cognitive and affective neuroscience/22006991.html,/home/zorro/repos/autonima-results/articles/ace_outputs/html/Social cognitive and affective neuroscience/22006991.html,,,Neural correlates of exposure to subliminal and supraliminal sexual cues - PMC,4,3,0,0,1,,coord_tables:3|coord_keyword_tables:3|xyz_header_tables:0|max_triplets_in_table:82,Region ∼BA Coordinates of peak activity F Z -score R caudate 10 12 0 13.20 3.37 L cingulate gyrus 24 -4 14 26 18.92 4.06 R cingulate gyrus 24 4 -16 42 17.55 3.90 L inferior frontal gyrus 45 -42 20 10 14.70 3.56 47 -34 18 -16 21.25 4.30 47 -38 28 -4 14.70 3.56 R inferior frontal gyrus 13 40 22 10 12.77 3.31 47 28 28 -10 16.41 3.77 L middle frontal g
22097928,ace_html,projects/cue_reactivity/v5,True,found,missed_in_main_text,The European journal of neuroscience,/home/zorro/repos/autonima-results/articles/ace_outputs/html/The European journal of neuroscience/22097928.html,/home/zorro/repos/autonima-results/articles/ace_outputs/html/The European journal of neuroscience/22097928.html,,,Do brain responses to emotional images and cigarette cues differ? An fMRI study in smokers - PMC,2,1,0,0,1,,coord_tables:1|coord_keyword_tables:1|xyz_header_tables:1|max_triplets_in_table:18,Brain Area Hem BA Talairach Coordinates (mm) Cluster size (mm 3 ) t max x y z Visual association cortex Middle Temporal Gyrus L 37 -47 -64 4 6838 7.34 R 37 51 -59 2 13671 8.58 Inferior Parietal Lobule L 40 -40 -44 43 13725 7.22 R 40 33 -45 51 9870 8.14 Cuneus L 19 -25 -82 28 360 4.86 R 19 22 -77 34 662 4.05 Precuneus M 7 -4 -61 33 1265 5.89 Frontal
22114078,ace_html,projects/cue_reactivity/v5,True,found,missed_in_main_text,Social cognitive and affective neuroscience,/home/zorro/repos/autonima-results/articles/ace_outputs/html/Social cognitive and affective neuroscience/22114078.html,/home/zorro/repos/autonima-results/articles/ace_outputs/html/Social cognitive and affective neuroscience/22114078.html,,,Mindful attention reduces neural and self-reported cue-induced craving in smokers - PMC,3,2,1,0,1,,coord_tables:2|coord_keyword_tables:2|xyz_header_tables:2|max_triplets_in_table:7,Anatomic region BA Side Cluster size Peak activation (MNI) t x y Z Activations Precuneus 31 R 300 18 -46 30 4.77 Medial frontal gyrus 10 L 125 -4 50 -6 4.22 Deactivations L -22 2 34 3.58 Fusiform gyrus 37/19 R 111 30 -64 -12 4.90
22125232,ace_html,projects/social/v3-search-all_pmids,True,found,missed_in_main_text,pond,/home/zorro/repos/autonima-results/articles/ace_outputs/html/pond/22125232.html,/home/zorro/repos/autonima-results/articles/ace_outputs/html/pond/22125232.html,,,Brain mechanisms for processing affective touch - Gordon - 2011 - Human Brain Mapping - Wiley Online Library,4,4,1,0,1,,coord_tables:4|coord_keyword_tables:4|xyz_header_tables:0|max_triplets_in_table:12,"Table I. Results of the arm versus baseline analysis Peak X Peak Y Peak Z T (21) P Number of voxels Results from contrasting of arm > baseline at q < 0.05, k > 12. R supramarginal gyrus 42 -28 22 6.436358 0.000002 3,535 R pSTS 51 -46 4 6.867306 0.000002 2,104 R ventrolateral PFC 30 32 10 6.472061 0.000001 1,422 R temporal pole 45 -7 -26 6.086636 0."
22250647,ace_html,projects/decision_making/v2,True,found,missed_in_main_text,"Alcoholism, clinical and experimental research","/home/zorro/repos/autonima-results/articles/ace_outputs/html/Alcoholism, clinical and experimental research/22250647.html","/home/zorro/repos/autonima-results/articles/ace_outputs/html/Alcoholism, clinical and experimental research/22250647.html",,,Risky decision-making: An fMRI study of youth at high risk for alcoholism - PMC,3,2,0,0,1,,coord_tables:2|coord_keyword_tables:2|xyz_header_tables:2|max_triplets_in_table:17,"Anatomic Location Side x y z Volume (voxels) t -value Cohen’s d Risky (10/30) vs. Safe (70/90) Selection FHP Cluster 1: STG, MTG, MFG, IFG, PG, HIPP, AMYG, Basal Ganglia, Insula L -23 -2 -34 793 2.64 0.62 Cluster 2: SFG, PCG, PoCG, SPL, IPL L -44 -38 60 540 2.71 0.64 Cluster 3: MOG, LG, FG, Cuneus L -2 -89 -4 401 2.72 0.64 Cluster 4: STG, IFG, PG, "
22349798,ace_html,projects/social/v3-search-all_pmids,True,found,tables_linked_not_fetched,pond,/home/zorro/repos/autonima-results/articles/ace_outputs/html/pond/22349798.html,/home/zorro/repos/autonima-results/articles/ace_outputs/html/pond/22349798.html,,,Empathic choice involves vmPFC value signals that are modulated by social processing implemented in IPL,0,0,2,0,1,,table_expansion_links:5|table_external_links:0|table_placeholders:22|example_link:201/T1.expansion.html,s: activity in a common area of vmPFC correlated with the bids placed in both empathic and self-oriented choice trials. View this table: In this window In a new window Table 1 Areas exhibiting a positive correlation with bid-for-other during empathic choi
22360624,ace_html,projects/social/v3-search-all_pmids,True,found,missed_in_main_text,pond,/home/zorro/repos/autonima-results/articles/ace_outputs/html/pond/22360624.html,/home/zorro/repos/autonima-results/articles/ace_outputs/html/pond/22360624.html,,,MIT Press Journals - Journal of Cognitive Neuroscience - Full Text,29,4,0,0,1,,coord_tables:4|coord_keyword_tables:8|xyz_header_tables:0|max_triplets_in_table:3,Hello. Sign in to personalize your visit. New user? Register now . UNIV OF TEXAS AT AUSTIN Home >> List of Issues >> Table of Contents >> Full Text << previous article | next article >> Quick Tools Email to a Colleague Add Article to Favorites Alert Me When new articles cite this article RSS (TOC Alert) RSS (Citation Alert) Download to Citation Man
22453299,ace_html,projects/vbm_of_ptsd/v1,True,found,tables_present_no_coordinate_content,manual,/home/zorro/repos/autonima-results/articles/ace_outputs/html/manual/22453299.html,/home/zorro/repos/autonima-results/articles/ace_outputs/html/manual/22453299.html,,,NeuroReport,1,0,1,0,1,,table_count:1|no_coord_table_detected,NeuroReport NeuroReport Log in or Register Subscribe to journal Subscribe Get new issue alerts Get alerts Submit your manuscript Subscribe to eTOC Secondary Logo Enter your Email address: Privacy Policy Journal Logo Articles Articles Advanced Search Toggle navigation Subscribe Register Login Browsing History Articles & Issues Current Issue Previous
22458561,ace_html,projects/cue_reactivity/v5,True,found,missed_in_main_text,Addiction biology,/home/zorro/repos/autonima-results/articles/ace_outputs/html/Addiction biology/22458561.html,/home/zorro/repos/autonima-results/articles/ace_outputs/html/Addiction biology/22458561.html,,,Brain activation to cocaine cues and motivation/treatment status - PMC,4,3,0,0,1,,coord_tables:3|coord_keyword_tables:3|xyz_header_tables:3|max_triplets_in_table:24,"Contrast Cluster Z Max P Voxel MNI (x, y, z) Anatomy Cocaine > Neutral 1 6.95 < .001 6510 -45, -52, -16 L inferior temporal gyrus 6.64 -18, -94, -7 L occipital pole 6.51 -39, -64, -10 L occipital fusiform gyrus 2 6.22 < .001 3353 -3, 29, 59 L superior frontal gyrus (BA 6) 5.94 -6, 59, 29 L frontal pole 5.30 -45, 5, 29 L precentral gyrus 3 5.69 .001"
22461323,ace_html,projects/cue_reactivity/v5,True,found,missed_in_main_text,Human brain mapping,/home/zorro/repos/autonima-results/articles/ace_outputs/html/Human brain mapping/22461323.html,/home/zorro/repos/autonima-results/articles/ace_outputs/html/Human brain mapping/22461323.html,,,(Still) longing for food: Insulin reactivity modulates response to food pictures - PMC,3,3,2,0,1,,coord_tables:3|coord_keyword_tables:3|xyz_header_tables:3|max_triplets_in_table:34,Region Side k MNI coordinates t max x y z Food pictures‐control pictures Fusiform gyrus R 48072 28 -46 -18 21.27 Fusiform gyrus L -28 -54 -14 20.21 Inferior occipital gyrus L -46 -72 -10 18.78 Inferior temporal gyrus L -48 -74 -4 18.69 Parahippocampal gyrus R 34 -32 -26 16.82 Middle occipital gyrus R 42 -74 -14 15.44 Middle temporal gyrus R 44 -78 
22514316,ace_html,projects/cue_reactivity/v5,True,found,unknown,The Journal of neuroscience : the official journal of the Society for Neuroscience,/home/zorro/repos/autonima-results/articles/ace_outputs/html/The Journal of neuroscience : the official journal of the Society for Neuroscience/22514316.html,/home/zorro/repos/autonima-results/articles/ace_outputs/html/The Journal of neuroscience : the official journal of the Society for Neuroscience/22514316.html,,,Individual Differences in Nucleus Accumbens Activity to Food and Sexual Images Predict Weight Gain and Sexual Behavior - PMC,0,0,0,0,1,,no_coord_table_detected|no_supplement_cues_detected,Individual Differences in Nucleus Accumbens Activity to Food and Sexual Images Predict Weight Gain and Sexual Behavior - PMC Individual Differences in Nucleus Accumbens Activity to Food and Sexual Images Predict Weight Gain and Sexual Behavior - PMC Skip to main content An official website of the United States government Here's how you know Here's
22563005,ace_html,projects/social/v3-search-all_pmids,True,found,tables_linked_not_fetched,pond,/home/zorro/repos/autonima-results/articles/ace_outputs/html/pond/22563005.html,/home/zorro/repos/autonima-results/articles/ace_outputs/html/pond/22563005.html,,,Familiarity promotes the blurring of self and other in the neural representation of threat,0,0,1,0,1,,table_expansion_links:3|table_external_links:0|table_placeholders:17|example_link:670/T1.expansion.html,"o the PASW statistical package, version 18, for linear mixed models (LMMs) and correlational analyses reported earlier. View this table: In this window In a new window Table 1 Functional ROI, with coordinates, maxima and cluster sizes Previous Section Nex"
22566584,ace_html,projects/cue_reactivity/v5,True,found,tables_present_no_coordinate_content,Archives of general psychiatry,/home/zorro/repos/autonima-results/articles/ace_outputs/html/Archives of general psychiatry/22566584.html,/home/zorro/repos/autonima-results/articles/ace_outputs/html/Archives of general psychiatry/22566584.html,,,Association of Leptin With Food Cue–Induced Activation in Human Reward Pathways | Radiology | JAMA Psychiatry | JAMA Network,6,0,0,0,1,,table_count:6|no_coord_table_detected,Association of Leptin With Food Cue–Induced Activation in Human Reward Pathways | Radiology | JAMA Psychiatry | JAMA Network Association of Leptin With Food Cue–Induced Activation in Human Reward Pathways | Radiology | JAMA Psychiatry | JAMA Network [Skip to Navigation] Our website uses cookies to enhance your experience. By continuing to use our s
22661409,ace_html,projects/social/v3-search-all_pmids,True,found,supplement_only_or_referenced,pond,/home/zorro/repos/autonima-results/articles/ace_outputs/html/pond/22661409.html,/home/zorro/repos/autonima-results/articles/ace_outputs/html/pond/22661409.html,,,Functional Neural Plasticity and Associated Changes in Positive Affect After Compassion Training | Cerebral Cortex | Oxford Academic,0,0,7,0,1,,supplement_cue:Supplementary|supplement_cue:Table S1|supplement_cue:Table S5|supplement_cue:Table S6|supplement_cue:Table S7,"oi.org/10.1093/cercor/bhs142 Published: 01 June 2012 PDF Split View Views Article contents Figures & tables Video Audio Supplementary Data Cite Cite Olga M. Klimecki and others , Functional Neural Plasticity and Associated Changes in Positive Affect Aft"
22707378,ace_html,projects/decision_making/v2,True,found,tables_present_no_coordinate_content,"Cognitive, affective & behavioral neuroscience","/home/zorro/repos/autonima-results/articles/ace_outputs/html/Cognitive, affective & behavioral neuroscience/22707378.html","/home/zorro/repos/autonima-results/articles/ace_outputs/html/Cognitive, affective & behavioral neuroscience/22707378.html",,,Decision Making in the Balloon Analogue Risk Task (BART): Anterior Cingulate Cortex Signals Loss-Aversion but not the Infrequency of Risky Choices - PMC,1,0,1,0,1,,table_count:1|no_coord_table_detected,Decision Making in the Balloon Analogue Risk Task (BART): Anterior Cingulate Cortex Signals Loss-Aversion but not the Infrequency of Risky Choices - PMC Decision Making in the Balloon Analogue Risk Task (BART): Anterior Cingulate Cortex Signals Loss-Aversion but not the Infrequency of Risky Choices - PMC Skip to main content An official website of
22848759,ace_html,projects/social/v3-search-all_pmids,True,found,missed_in_main_text,pond,/home/zorro/repos/autonima-results/articles/ace_outputs/html/pond/22848759.html,/home/zorro/repos/autonima-results/articles/ace_outputs/html/pond/22848759.html,,,Introduction,6,6,3,0,1,,coord_tables:6|coord_keyword_tables:6|xyz_header_tables:6|max_triplets_in_table:35,K H Anatomical region (BA/region) MNI Voxel T-score Cluster p-value x y z 340 L IFG pars Opercularis (44*) -50 16 32 4.90 0.002 L Precentral Gyrus (44*) -52 10 40 4.36 L Middle Frontal Gyrus -42 22 46 3.55 197 R Middle Frontal Gyrus 40 2 58 4.85 0.026 R Superior Frontal Gyrus 30 2 64 4.61 R Precentral gyrus 46 4 42 2.98 391 R IFG pars Orbitalis 42 
22868938,ace_html,projects/cue_reactivity/v5|projects/vbm_of_substance_use/v2,True,found,tables_present_no_coordinate_content,Archives of general psychiatry,/home/zorro/repos/autonima-results/articles/ace_outputs/html/Archives of general psychiatry/22868938.html,/home/zorro/repos/autonima-results/articles/ace_outputs/html/Archives of general psychiatry/22868938.html,,,"Effect of Brain Structure, Brain Function, and Brain Connectivity on Relapse in Alcohol-Dependent Patients | Neurology | JAMA Psychiatry | JAMA Network",6,0,2,0,1,,table_count:6|no_coord_table_detected,"Effect of Brain Structure, Brain Function, and Brain Connectivity on Relapse in Alcohol-Dependent Patients | Neurology | JAMA Psychiatry | JAMA Network Effect of Brain Structure, Brain Function, and Brain Connectivity on Relapse in Alcohol-Dependent Patients | Neurology | JAMA Psychiatry | JAMA Network [Skip to Navigation] Our website uses cookies"
22956840,ace_html,projects/social/v3-search-all_pmids,True,found,tables_linked_not_fetched,pond,/home/zorro/repos/autonima-results/articles/ace_outputs/html/pond/22956840.html,/home/zorro/repos/autonima-results/articles/ace_outputs/html/pond/22956840.html,,,A Neural Signature of Affiliative Emotion in the Human Septohypothalamic Area | Journal of Neuroscience,0,0,1,0,1,,table_expansion_links:0|table_external_links:2|table_placeholders:0|example_link:/highwire/markup/549156/expansion?width=1000&height=500&iframe=true&postprocessors=highwire_tables%2Chighwire_reclass%2Chighwire_figures%2Chighwire_math%2Chighwire_inline_linked_media%2Chighwire_embed,"from fate (i.e., context that could induce prosocial feelings of sympathy, compassion, admiration, or altruistic joy). View this table: View inline View popup Table 1. Samples of stimuli belonging to the affiliative (positive and negative valence) and no"
23078363,ace_html,projects/cue_reactivity/v5,True,found,missed_in_main_text,"Alcoholism, clinical and experimental research","/home/zorro/repos/autonima-results/articles/ace_outputs/html/Alcoholism, clinical and experimental research/23078363.html","/home/zorro/repos/autonima-results/articles/ace_outputs/html/Alcoholism, clinical and experimental research/23078363.html",,,Influence of Alcohol Use and Family History of Alcoholism on Neural Response to Alcohol Cues in College Drinkers - PMC,4,2,0,0,1,,coord_tables:2|coord_keyword_tables:2|xyz_header_tables:2|max_triplets_in_table:20,"Anatomic Region Brodmann Areas MNI Coordinates Effect Size Cohen’s d t value x y z Heavy Drinkers > Light Drinkers Cluster 1 (266,085 μl) Bilateral middle occipital, cuneus 18, 19 30 -78 12 1.14 4.44 Bilateral inferior parietal, precuneus 7 -9 -45 9 1.10 4.28 Bilateral cingulate, anterior cingulate 24, 31 -15 -21 42 1.10 4.31 Bilateral medial super"
23148798,ace_html,projects/decision_making/v2,True,found,tables_present_no_coordinate_content,Psychology of addictive behaviors : journal of the Society of Psychologists in Addictive Behaviors,/home/zorro/repos/autonima-results/articles/ace_outputs/html/Psychology of addictive behaviors : journal of the Society of Psychologists in Addictive Behaviors/23148798.html,/home/zorro/repos/autonima-results/articles/ace_outputs/html/Psychology of addictive behaviors : journal of the Society of Psychologists in Addictive Behaviors/23148798.html,,,Decisions during Negatively-Framed Messages Yield Smaller Risk-Aversion-Related Brain Activation in Substance-Dependent Individuals - PMC,1,0,3,0,1,,table_count:1|no_coord_table_detected,Decisions during Negatively-Framed Messages Yield Smaller Risk-Aversion-Related Brain Activation in Substance-Dependent Individuals - PMC Decisions during Negatively-Framed Messages Yield Smaller Risk-Aversion-Related Brain Activation in Substance-Dependent Individuals - PMC Skip to main content An official website of the United States government H
23188041,ace_html,projects/cue_reactivity/v5,True,found,missed_in_main_text,Journal of addiction medicine,/home/zorro/repos/autonima-results/articles/ace_outputs/html/Journal of addiction medicine/23188041.html,/home/zorro/repos/autonima-results/articles/ace_outputs/html/Journal of addiction medicine/23188041.html,,,Reward-related Brain Response and Craving Correlates of Marijuana Cue Exposure: A Preliminary Study in Treatment-Seeking Marijuana-Dependent Subjects - PMC,2,2,0,0,1,,coord_tables:2|coord_keyword_tables:0|xyz_header_tables:2|max_triplets_in_table:4,Region X Y Z T Left Amygdala -24 -3 -21 4.43 Right Amygdala 18 -9 -18 4.49 Left Hippocampus -30 -18 -15 4.62 Right Hippocampus 39 -24 -12 8.65
23190458,ace_html,projects/vbm_of_substance_use/v2,True,found,unknown,Psychological medicine,/home/zorro/repos/autonima-results/articles/ace_outputs/html/Psychological medicine/23190458.html,/home/zorro/repos/autonima-results/articles/ace_outputs/html/Psychological medicine/23190458.html,,,Tensor-based morphometry of cannabis use on brain structure in individuals at elevated genetic risk of schizophrenia | Psychological Medicine | Cambridge Core,0,0,0,0,1,,no_coord_table_detected|no_supplement_cues_detected,Tensor-based morphometry of cannabis use on brain structure in individuals at elevated genetic risk of schizophrenia | Psychological Medicine | Cambridge Core Tensor-based morphometry of cannabis use on brain structure in individuals at elevated genetic risk of schizophrenia | Psychological Medicine | Cambridge Core Skip to main content Accessibili
23249349,ace_html,projects/social/v3-search-all_pmids,True,found,missed_in_main_text,pond,/home/zorro/repos/autonima-results/articles/ace_outputs/html/pond/23249349.html,/home/zorro/repos/autonima-results/articles/ace_outputs/html/pond/23249349.html,,,MIT Press Journals - Journal of Cognitive Neuroscience - Full Text,26,4,5,0,1,,coord_tables:4|coord_keyword_tables:6|xyz_header_tables:0|max_triplets_in_table:2,Hello. Sign in to personalize your visit. New user? Register now . UNIV OF TEXAS AT AUSTIN Home >> List of Issues >> Table of Contents >> Full Text << previous article | next article >> Quick Tools Email to a Colleague Add Article to Favorites Alert Me When new articles cite this article RSS (TOC Alert) RSS (Citation Alert) Download to Citation Man
23327932,ace_html,projects/social/v3-search-all_pmids,True,found,tables_linked_not_fetched,pond,/home/zorro/repos/autonima-results/articles/ace_outputs/html/pond/23327932.html,/home/zorro/repos/autonima-results/articles/ace_outputs/html/pond/23327932.html,,,Reminders of mortality decrease midcingulate activity in response to others’ suffering,0,0,2,0,1,,table_expansion_links:4|table_external_links:0|table_placeholders:20|example_link:scan.nst010/T1.expansion.html,"ating scores of the Death Anxiety Scale between MS and NA groups [6.88 ± 2.78 vs 6.40 ± 2.11, t (34) = 0.73, P = 0.31]. View this table: In this window In a new window Table 1 Response accuracy for pain judgment tasks in each condition (mean ± s.d.) View"
23355606,ace_html,projects/decision_making/v2,True,found,missed_in_main_text,"Cerebral cortex (New York, N.Y. : 1991)","/home/zorro/repos/autonima-results/articles/ace_outputs/html/Cerebral cortex (New York, N.Y. : 1991)/23355606.html","/home/zorro/repos/autonima-results/articles/ace_outputs/html/Cerebral cortex (New York, N.Y. : 1991)/23355606.html",,,Synchrony of Anterior Cingulate Cortex and Insular-Striatal Activation Predicts Ambiguity Aversion in Individuals with Low Impulsivity - PMC,1,1,6,0,1,,coord_tables:1|coord_keyword_tables:0|xyz_header_tables:1|max_triplets_in_table:31,Region BA NO-PASS run 2 a PASS run 3 b k E T max x y z k E T max x y z Anterior cingulate cortex Left 32 37 5.89 -4 32 32 10 5.32 2 36 30 Superior frontal gyrus Right 8 91 6.08 8 20 50 Anterior insula Right 289 6.43 52 20 -2 Left 61 5.69 -32 20 -10 Inferior frontal gyrus Right 44 81 5.49 48 14 26 Precentral gyrus Right 44 16 5.38 44 8 34 Inferior p
23359677,ace_html,projects/cue_reactivity/v5,True,found,supplement_only_or_referenced,Proceedings of the National Academy of Sciences of the United States of America,/home/zorro/repos/autonima-results/articles/ace_outputs/html/Proceedings of the National Academy of Sciences of the United States of America/23359677.html,/home/zorro/repos/autonima-results/articles/ace_outputs/html/Proceedings of the National Academy of Sciences of the United States of America/23359677.html,,,Dorsolateral prefrontal and orbitofrontal cortex interactions during self-control of cigarette craving - PMC,0,0,8,0,1,,supplement_cue:Table S1|supplement_cue:Table S2|supplement_cue:Table S3|supplement_cue:Table S5|supplement_cue:Table S4,", medial prefrontal cortex, frontal pole, ventral striatum, and temporal, parietal, and visual cortices ( Fig. S1 A and Table S1 ), in keeping with our previous study ( 30 ). We then looked for brain areas where activity correlated with subjective"
23365248,ace_html,projects/decision_making/v2,True,found,missed_in_main_text,The Journal of neuroscience : the official journal of the Society for Neuroscience,/home/zorro/repos/autonima-results/articles/ace_outputs/html/The Journal of neuroscience : the official journal of the Society for Neuroscience/23365248.html,/home/zorro/repos/autonima-results/articles/ace_outputs/html/The Journal of neuroscience : the official journal of the Society for Neuroscience/23365248.html,,,How Embodied Is Perceptual Decision Making? Evidence for Separate Processing of Perceptual and Motor Decisions - PMC,2,2,1,0,1,,coord_tables:2|coord_keyword_tables:2|xyz_header_tables:2|max_triplets_in_table:34,Brain region BA Number of voxels Peak z -value MNI coordinates x y z L anterior IPS/IPL 7/40 139 4 -44 -52 54 R occipitotemporal cortex 37 115 4.05 58 -66 -2 L inferior frontal sulcus 46 67 3.84 -48 28 22 L anterior inferior frontal gyrus 45 62 3.97 -42 36 4 L posterior superior frontal sulcus 6 61 3.59 -24 10 48 R inferior precentral sulcus 44 46 
23389755,ace_html,projects/cue_reactivity/v5,True,found,missed_in_main_text,Psychopharmacology,/home/zorro/repos/autonima-results/articles/ace_outputs/html/Psychopharmacology/23389755.html,/home/zorro/repos/autonima-results/articles/ace_outputs/html/Psychopharmacology/23389755.html,,,Effects of a GABA-ergic medication combination and initial alcohol withdrawal severity on cue-elicited brain activation among treatment-seeking alcoholics - PMC,3,1,0,0,1,,coord_tables:1|coord_keyword_tables:1|xyz_header_tables:1|max_triplets_in_table:10,Cluster size (voxels) Corrected p Anatomy T max x y z 3154 < .001 L superior frontal gyrus 8.19 -6 24 57 L medial frontal gyrus 7.80 -6 48 12 R cingulate gyrus 7.14 3 30 24 206 < .001 L insula 6.90 -45 12 -6 L precentral gyrus 5.09 -54 18 3 115 .006 L angular gyrus 5.43 -57 -60 39 L middle temporal gyrus 5.15 -51 -72 33 R inferior parietal lobule 3
23392532,ace_html,projects/decision_making/v2,True,found,missed_in_main_text,Neuropsychopharmacology : official publication of the American College of Neuropsychopharmacology,/home/zorro/repos/autonima-results/articles/ace_outputs/html/Neuropsychopharmacology : official publication of the American College of Neuropsychopharmacology/23392532.html,/home/zorro/repos/autonima-results/articles/ace_outputs/html/Neuropsychopharmacology : official publication of the American College of Neuropsychopharmacology/23392532.html,,,Decision-making in Polydrug Amphetamine-type Stimulant Users: an fMRI Study - PMC,4,1,0,0,1,,coord_tables:1|coord_keyword_tables:1|xyz_header_tables:1|max_triplets_in_table:26,"Group Contrast Cluster Voxel p Z max Pe X Y Z Location C>EU High-low possible gain 1 1193 <0.01 3.9 11.92 -64 -2 28 Frontal lobe, R LEU>EU High-low possible gain 1 1498 <0.01 3.98 18.26 -54 4 36 Frontal lobe, R EU>C High-low probability 1 728 0.04 4.09 15.44 -32 -58 10 Parietal lobe, R LEU>C High-low probability 1 1009 <0.01 3.83 9.56 -38 -42 6 Par"
23422198,ace_html,projects/cue_reactivity/v5,True,found,tables_present_no_coordinate_content,Chinese medical journal,/home/zorro/repos/autonima-results/articles/ace_outputs/html/Chinese medical journal/23422198.html,/home/zorro/repos/autonima-results/articles/ace_outputs/html/Chinese medical journal/23422198.html,,,Chinese Medical Journal,1,0,0,0,1,,table_count:1|no_coord_table_detected,Chinese Medical Journal Chinese Medical Journal Log in or Register Get new issue alerts Get alerts Subscribe to eTOC Secondary Logo Enter your Email address: Privacy Policy Journal Logo Articles Articles Advanced Search Toggle navigation Register Login Browsing History Home Articles Ahead of Print Current Issue Previous Issues (2015–) Previous Issu
23435496,ace_html,projects/social/v3-search-all_pmids,True,found,tables_linked_not_fetched,Experimental brain research,/home/zorro/repos/autonima-results/articles/ace_outputs/html/Experimental brain research/23435496.html,/home/zorro/repos/autonima-results/articles/ace_outputs/html/Experimental brain research/23435496.html,,,Gender-selective neural populations: evidence from event-related fMRI repetition suppression | Experimental Brain Research,0,0,0,0,1,,table_expansion_links:0|table_external_links:1|table_placeholders:0|example_link:/article/10.1007/s00221-013-3429-0/tables/1,"Gender-selective neural populations: evidence from event-related fMRI repetition suppression | Experimental Brain Research Gender-selective neural populations: evidence from event-related fMRI repetition suppression | Experimental Brain Research Your privacy, your choice We use essential cookies to make sure the site can function. We also use optio"
23460073,ace_html,projects/social/v3-search-all_pmids,True,found,tables_linked_not_fetched,pond,/home/zorro/repos/autonima-results/articles/ace_outputs/html/pond/23460073.html,/home/zorro/repos/autonima-results/articles/ace_outputs/html/pond/23460073.html,,,Responses of medial and ventrolateral prefrontal cortex to interpersonal conflict for resources,0,0,1,0,1,,table_expansion_links:4|table_external_links:0|table_placeholders:17|example_link:scan.nst020/T1.expansion.html,t compared with no-conflict trials in both the human and the computer conditions. Vertical bars denote standard errors. View this table: In this window In a new window Table 1 Main effect CONFLICT [Conflict > No Conflict] View this table: In this window I
23482624,ace_html,projects/social/v3-search-all_pmids,True,found,tables_present_no_coordinate_content,pond,/home/zorro/repos/autonima-results/articles/ace_outputs/html/pond/23482624.html,/home/zorro/repos/autonima-results/articles/ace_outputs/html/pond/23482624.html,,,From mind to matter: neural correlates of abstract and concrete mindsets,1,0,2,0,1,,table_count:1|no_coord_table_detected,From mind to matter: neural correlates of abstract and concrete mindsets From mind to matter: neural correlates of abstract and concrete mindsets Skip Navigation Oxford Journals Contact Us My Basket My Account Social Cognitive & Affective Neurosci About This Journal Contact This Journal Subscriptions View Current Issue (Volume 8 Issue 7 October 201
23508477,ace_html,projects/social/v3-search-all_pmids,True,found,tables_linked_not_fetched,pond,/home/zorro/repos/autonima-results/articles/ace_outputs/html/pond/23508477.html,/home/zorro/repos/autonima-results/articles/ace_outputs/html/pond/23508477.html,,,The neural correlates of beauty comparison,0,0,2,0,1,,table_expansion_links:3|table_external_links:0|table_placeholders:16|example_link:scan.nst026/T1.expansion.html,"nd left IPS ( x, y, z = −36, −58, 52), the DMPFC ( x, y, z = 0, 26, 43), and the cerebellum ( x, y, z = −39, −64, −32). View this table: In this window In a new window Table 1 Distance effects: anatomical locations and coordinates of activation In accorda"
23574585,ace_html,projects/social/v3-search-all_pmids,True,found,missed_in_main_text,pond,/home/zorro/repos/autonima-results/articles/ace_outputs/html/pond/23574585.html,/home/zorro/repos/autonima-results/articles/ace_outputs/html/pond/23574585.html,,,MIT Press Journals - Journal of Cognitive Neuroscience - Full Text,32,4,0,0,1,,coord_tables:4|coord_keyword_tables:8|xyz_header_tables:4|max_triplets_in_table:2,Hello. Sign in to personalize your visit. New user? Register now . UNIV OF TEXAS AT AUSTIN Home >> List of Issues >> Table of Contents >> Full Text << previous article | next article >> Quick Tools Email to a Colleague Add Article to Favorites Alert Me When new articles cite this article RSS (TOC Alert) RSS (Citation Alert) Download to Citation Man
23620602,ace_html,projects/social/v3-search-all_pmids,True,found,tables_linked_not_fetched,pond,/home/zorro/repos/autonima-results/articles/ace_outputs/html/pond/23620602.html,/home/zorro/repos/autonima-results/articles/ace_outputs/html/pond/23620602.html,,,Do you mean me? Communicative intentions recruit the mirror and the mentalizing system,0,0,0,0,1,,table_expansion_links:1|table_external_links:0|table_placeholders:9|example_link:scan.nst062/T1.expansion.html,nd- and third-person interaction. The peak activity and stereotaxic coordinates for activations are listed in Table 1 . View this table: In this window In a new window Table 1 The voxels with the highest value for the main effect Intention and Orientation
23644912,ace_html,projects/decision_making/v2,True,found,missed_in_main_text,Psychopharmacology,/home/zorro/repos/autonima-results/articles/ace_outputs/html/Psychopharmacology/23644912.html,/home/zorro/repos/autonima-results/articles/ace_outputs/html/Psychopharmacology/23644912.html,,,Greater Risk-Sensitivity of Dorsolateral Prefrontal Cortex in Young Smokers than in Nonsmokers - PMC,5,3,2,0,1,,coord_tables:3|coord_keyword_tables:3|xyz_header_tables:3|max_triplets_in_table:22,"Region X Y Z Max Z Cluster Size Pumps Avg > Control Avg R/L parietal cortex, R DLPFC, R insula, R/L middle frontal gyrus, R/L superior frontal gyrus, cingulate cortex, R/L occiptial cortex, R/L nucleus accumbens, R/L caudate, cerebellum, R/L thalamus 40 -44 42 7.34 48774 Control Avg > Pumps Avg R/L supramarginal gyrus 58 -20 26 7.41 36722 -58 -24 2"
23696200,ace_html,projects/social/v3-search-all_pmids,True,found,tables_present_no_coordinate_content,pond,/home/zorro/repos/autonima-results/articles/ace_outputs/html/pond/23696200.html,/home/zorro/repos/autonima-results/articles/ace_outputs/html/pond/23696200.html,,,"Compassion Training Alters Altruism and Neural Responses to Suffering - Helen Y. Weng, Andrew S. Fox, Alexander J. Shackman, Diane E. Stodola, Jessica Z. K. Caldwell, Matthew C. Olson, Gregory M. Rogers, Richard J. Davidson, 2013",1,0,4,0,1,,table_count:1|no_coord_table_detected,"Compassion Training Alters Altruism and Neural Responses to Suffering - Helen Y. Weng, Andrew S. Fox, Alexander J. Shackman, Diane E. Stodola, Jessica Z. K. Caldwell, Matthew C. Olson, Gregory M. Rogers, Richard J. Davidson, 2013 Compassion Training Alters Altruism and Neural Responses to Suffering - Helen Y. Weng, Andrew S. Fox, Alexander J. Shack"
23707590,ace_html,projects/decision_making/v2,True,found,missed_in_main_text,NeuroImage,/home/zorro/repos/autonima-results/articles/ace_outputs/html/NeuroImage/23707590.html,/home/zorro/repos/autonima-results/articles/ace_outputs/html/NeuroImage/23707590.html,,,Risk-taking and social exclusion in adolescence: Neural mechanisms underlying peer influences on decision-making - PMC,3,3,2,0,1,,coord_tables:3|coord_keyword_tables:3|xyz_header_tables:3|max_triplets_in_table:64,MNI Area t k x y z Go Decisions > Stop Decisions Right superior frontal gyrus 5.01 67 18 -3 51 Right ventral striatum (caudate) 4.48 145 6 9 -3 Left ventral striatum (lentiform nucleus) 4.25 27 -12 0 -9 Left insula 4.23 30 -36 12 9 Left superior frontal gyrus 4.18 43 -12 0 63 Stop Decisions > Go Decisions Right superior temporal gyrus 9.81 2004 48 
23708507,ace_html,projects/cue_reactivity/v5,True,found,missed_in_main_text,Neuropsychopharmacology : official publication of the American College of Neuropsychopharmacology,/home/zorro/repos/autonima-results/articles/ace_outputs/html/Neuropsychopharmacology : official publication of the American College of Neuropsychopharmacology/23708507.html,/home/zorro/repos/autonima-results/articles/ace_outputs/html/Neuropsychopharmacology : official publication of the American College of Neuropsychopharmacology/23708507.html,,,"Association Between Nicotine Dependence Severity, BOLD Response to Smoking Cues, and Functional Connectivity - PMC",3,3,5,0,1,,coord_tables:3|coord_keyword_tables:3|xyz_header_tables:3|max_triplets_in_table:24,"Contrast Region BA Max Z Voxels x y z Smoking > Food Medial frontal gyrus (L) 10 6.61 7670 -10 48 6 Supramarginal gyrus, posterior division (L) 40 10 6839 -60 -46 32 Middle temporal gyrus, posterior division (R) 21 6.88 3460 62 -24 -14 Posterior cingulate gyrus (L) 23 7.05 3400 0 -20 34 Supramarginal gyrus, posterior division (R) 40 8.75 2684 58 -4"
23720575,ace_html,projects/social/v3-search-all_pmids,True,found,tables_linked_not_fetched,pond,/home/zorro/repos/autonima-results/articles/ace_outputs/html/pond/23720575.html,/home/zorro/repos/autonima-results/articles/ace_outputs/html/pond/23720575.html,,,Reward-related neural responses are dependent on the beneficiary,0,0,0,0,1,,table_expansion_links:2|table_external_links:0|table_placeholders:13|example_link:scan.nst077/T1.expansion.html,"atum was more active when playing for Self and Friend, whereas the mPFC was selectively active when playing for Friend. View this table: In this window In a new window Table 1 Brain regions identified in the repeated measures ANOVA for Person, with levels"
23740868,ace_html,projects/social/v3-search-all_pmids,True,found,tables_linked_not_fetched,pond,/home/zorro/repos/autonima-results/articles/ace_outputs/html/pond/23740868.html,/home/zorro/repos/autonima-results/articles/ace_outputs/html/pond/23740868.html,,,The neural correlates of ‘vitality form’ recognition: an fMRI study,0,0,4,0,1,,table_expansion_links:3|table_external_links:0|table_placeholders:15|example_link:scan.nst068/T1.expansion.html,phere in the ventral and dorsal premotor cortex and in the insula (see Table 1 for coordinates and statistical values). View this table: In this window In a new window Table 1 Cerebral activity during the observation of what and how tasks vs implicit base
23773952,ace_html,projects/decision_making/v2,True,found,missed_in_main_text,Drug and alcohol dependence,/home/zorro/repos/autonima-results/articles/ace_outputs/html/Drug and alcohol dependence/23773952.html,/home/zorro/repos/autonima-results/articles/ace_outputs/html/Drug and alcohol dependence/23773952.html,,,Neural Mechanisms of Risky Decision-Making and Reward Response in Adolescent Onset Cannabis Use Disorder - PMC,3,1,3,0,1,,coord_tables:1|coord_keyword_tables:1|xyz_header_tables:0|max_triplets_in_table:53,Regions Cluster Voxel Size Peak Z value X MNI Y MNI Z MNI CUD > Controls with Psychopathology Left superior parietal lobule/ Left lateral occipital cortex/ Precuneus 809 3.45 Left Superior parietal lobule 3.45 -26 -58 64 Left Superior parietal lobule 3.33 -34 -46 52 Left Lateral occipital cortex 3.16 -18 -60 70 Left Precuneus 3.08 -12 -60 54 Right 
23876243,ace_html,projects/social/v3-search-all_pmids,True,found,missed_in_main_text,pond,/home/zorro/repos/autonima-results/articles/ace_outputs/html/pond/23876243.html,/home/zorro/repos/autonima-results/articles/ace_outputs/html/pond/23876243.html,,,Sex differences in the development of brain mechanisms for processing biological motion,6,3,2,0,1,,coord_tables:3|coord_keyword_tables:5|xyz_header_tables:0|max_triplets_in_table:13,"Brain region Peak X Peak Y Peak Z F p # voxels Adults R FG and pSTS 38 - 47 - 12 8.506673 < 0.001 32,686 R MTG 59 - 29 - 9 - 4.761655 < 0.001 7311 R angular gyrus 47 - 50 33 - 5.274103 < 0.001 5662 Dorsolateral and dorsomedial PFC 26 49 21 - 7.468684 < 0.001 50,145 R anterior insula 32 16 - 9 - 4.345913 < 0.001 2112 Precuneus and middle occipital g"
23887810,ace_html,projects/social/v3-search-all_pmids,True,found,tables_present_no_coordinate_content,Social cognitive and affective neuroscience,/home/zorro/repos/autonima-results/articles/ace_outputs/html/Social cognitive and affective neuroscience/23887810.html,/home/zorro/repos/autonima-results/articles/ace_outputs/html/Social cognitive and affective neuroscience/23887810.html,,,fMRI investigation of the effects of belief in free will on third-party punishment | Social Cognitive and Affective Neuroscience | Oxford Academic,5,0,5,0,1,,table_count:5|no_coord_table_detected,fMRI investigation of the effects of belief in free will on third-party punishment | Social Cognitive and Affective Neuroscience | Oxford Academic fMRI investigation of the effects of belief in free will on third-party punishment | Social Cognitive and Affective Neuroscience | Oxford Academic Skip to Main Content Advertisement Journals Books Search
23966584,ace_html,projects/decision_making/v2,True,found,missed_in_main_text,"Cerebral cortex (New York, N.Y. : 1991)","/home/zorro/repos/autonima-results/articles/ace_outputs/html/Cerebral cortex (New York, N.Y. : 1991)/23966584.html","/home/zorro/repos/autonima-results/articles/ace_outputs/html/Cerebral cortex (New York, N.Y. : 1991)/23966584.html",,,"Risk-Taking Behavior: Dopamine D2/D3 Receptors, Feedback, and Frontolimbic Activity - PMC",2,2,0,0,1,,coord_tables:2|coord_keyword_tables:2|xyz_header_tables:0|max_triplets_in_table:13,Brain region Cluster size (voxels) x b y z Z- statistic Contrast: Pumping an active balloon Cluster #1 c 2414 Occipital cortex (L/R d ) 2 -84 -6 5.52 Cluster #2 1749 Insula cortex (R) 32 24 -2 5.52 Middle frontal gyrus (R) 38 46 26 4.52 Orbital frontal cortex (R) 30 22 -12 4.51 Inferior frontal gyrus (R) 54 12 4 3.55 Cluster #3 1312 Anterior cingul
23988759,ace_html,projects/social/v3-search-all_pmids,True,found,tables_present_no_coordinate_content,Social cognitive and affective neuroscience,/home/zorro/repos/autonima-results/articles/ace_outputs/html/Social cognitive and affective neuroscience/23988759.html,/home/zorro/repos/autonima-results/articles/ace_outputs/html/Social cognitive and affective neuroscience/23988759.html,,,neuroimaging investigation of attribute framing and individual differences | Social Cognitive and Affective Neuroscience | Oxford Academic,5,0,1,0,1,,table_count:5|no_coord_table_detected,neuroimaging investigation of attribute framing and individual differences | Social Cognitive and Affective Neuroscience | Oxford Academic neuroimaging investigation of attribute framing and individual differences | Social Cognitive and Affective Neuroscience | Oxford Academic Skip to Main Content Advertisement Journals Books Search Menu AI Discove
24051621,ace_html,projects/social/v3-search-all_pmids,True,found,supplement_only_or_referenced,Neuropsychobiology,/home/zorro/repos/autonima-results/articles/ace_outputs/html/Neuropsychobiology/24051621.html,/home/zorro/repos/autonima-results/articles/ace_outputs/html/Neuropsychobiology/24051621.html,,,Automatic and Intentional Brain Responses during Evaluation of Face Approachability: Correlations with Trait Anxiety | Neuropsychobiology | Karger Publishers,0,0,1,0,1,,supplement_cue:Supplementary,lished Online: September 13 2013 Content Tools Views Icon Views Open Menu Article contents Figures & tables Video Audio Supplementary Material Peer Review Share Icon Share Facebook X LinkedIn Email Tools Icon Tools Open Menu Cite Icon Cite Get Permissio
24068815,ace_html,projects/social/v3-search-all_pmids,True,found,tables_linked_not_fetched,pond,/home/zorro/repos/autonima-results/articles/ace_outputs/html/pond/24068815.html,/home/zorro/repos/autonima-results/articles/ace_outputs/html/pond/24068815.html,,,Right Supramarginal Gyrus Is Crucial to Overcome Emotional Egocentricity Bias in Social Judgments | Journal of Neuroscience,0,0,0,0,1,,table_expansion_links:0|table_external_links:4|table_placeholders:0|example_link:/highwire/markup/564332/expansion?width=1000&height=500&iframe=true&postprocessors=highwire_tables%2Chighwire_reclass%2Chighwire_figures%2Chighwire_math%2Chighwire_inline_linked_media%2Chighwire_embed,"timulation for the other person (maggots). d , Screenshot of the visual analog scale used to deliver emotion judgments. View this table: View inline View popup Table 1. List of stimuli This experimental setup resulted in a three-factorial design ( Fig. 2"
24084068,ace_html,projects/social/v3-search-all_pmids,True,found,tables_present_no_coordinate_content,pond,/home/zorro/repos/autonima-results/articles/ace_outputs/html/pond/24084068.html,/home/zorro/repos/autonima-results/articles/ace_outputs/html/pond/24084068.html,,,Revealing the neural networks associated with processing of natural social interaction and the related effects of actor-orientation and face-visibility,1,0,9,0,1,,table_count:1|no_coord_table_detected,Revealing the neural networks associated with processing of natural social interaction and the related effects of actor-orientation and face-visibility Revealing the neural networks associated with processing of natural social interaction and the related effects of actor-orientation and face-visibility Register Login OpenAthens login Login via your
24097375,ace_html,projects/social/v3-search-all_pmids,True,found,tables_linked_not_fetched,pond,/home/zorro/repos/autonima-results/articles/ace_outputs/html/pond/24097375.html,/home/zorro/repos/autonima-results/articles/ace_outputs/html/pond/24097375.html,,,Rough primes and rough conversations: evidence for a modality-specific basis to mental metaphors,0,0,0,0,1,,table_expansion_links:4|table_external_links:0|table_placeholders:17|example_link:scan.nst163/T1.expansion.html,s) and IFG. ( B ) Judging the SCI when primed with rough relative to smooth touch revealed similar areas in SI and IFG. View this table: In this window In a new window Table 1 Results of random effects analysis for social coordination judgments A comparis
24186078,ace_html,projects/cue_reactivity/v5,True,found,missed_in_main_text,Psychopharmacology,/home/zorro/repos/autonima-results/articles/ace_outputs/html/Psychopharmacology/24186078.html,/home/zorro/repos/autonima-results/articles/ace_outputs/html/Psychopharmacology/24186078.html,,,Neural responses to subliminally presented cannabis and other emotionally evocative cues in cannabis-dependent individuals - PMC,2,1,2,0,1,,coord_tables:1|coord_keyword_tables:1|xyz_header_tables:1|max_triplets_in_table:10,Region Cluster size (voxels) MNI coordinates T values x y z Cannabis cues > neutral cues L ventral striatum/amy 579 -10 10 -4 4.25 R ventral striatum 209 10 8 -6 4.14 L insula 150 -42 2 4 3.52 Sexual cues > neutral cues L ventral striatum 893 -8 6 2 4.40 L insula 378 -30 26 -6 4.71 R insula 287 36 22 -8 4.42 R hippo/amy 187 18 -14 -24 3.86 L perige
24261848,ace_html,projects/cue_reactivity/v5,True,found,missed_in_main_text,Addiction biology,/home/zorro/repos/autonima-results/articles/ace_outputs/html/Addiction biology/24261848.html,/home/zorro/repos/autonima-results/articles/ace_outputs/html/Addiction biology/24261848.html,,,Memory retrieval of smoking-related images induce greater insula activation as revealed by an fMRI based delayed matching to sample task - PMC,2,1,0,0,1,,coord_tables:1|coord_keyword_tables:1|xyz_header_tables:1|max_triplets_in_table:20,"Brain Area Brodmann Area X Y Z Z-Max Voxels Smoking > Neutral Encoding: left parahippocampal gyrus, bilateral posterior cingulate cortex, bilateral precuneus, left superior, middle, inferior temporal gyrus, left fusiform gyrus 7, 19, 21, 22, 23, 29, 30, 37 -48 -48 -4 5.78 12750 bilateral cerebellar crus I and II, right inferior temporal gyrus, righ"
24275010,elsevier_output,projects/cue_reactivity/v5,True,found,missed_in_main_text,elsevier_output,/home/zorro/repos/autonima-results/articles/elsevier_output/24275010/article.xml,/home/zorro/repos/autonima-results/articles/elsevier_output/24275010/article.xml,/home/zorro/repos/autonima-results/articles/elsevier_output/24275010/tables/*.csv,/home/zorro/repos/autonima-results/articles/elsevier_output/24275010/tables/01_tbl0005.csv|/home/zorro/repos/autonima-results/articles/elsevier_output/24275010/tables/02_tbl0010.csv|/home/zorro/repos/autonima-results/articles/elsevier_output/24275010/tables/03_tbl0015.csv,Acute stress-induced cortisol elevations mediate reward system activity during subconscious processing of sexual stimuli,3,1,0,0,0,,table_count:3|coord_tables:1|coord_keywords:1|triplets:22|xyz_markers:1,"Region,L/R,Cluster size,Z,x,y,z,p •Local maxima,•Local maxima,•Local maxima,•Local maxima,•Local maxima,•Local maxima,•Local maxima,•Local maxima Contrast Sex>Fix,Contrast Sex>Fix,Contrast Sex>Fix,Contrast Sex>Fix,Contrast Sex>Fix,Contrast Sex>Fix,Contrast Sex>Fix,Contrast Sex>Fix Inferior lateral occipital cortex,R,1727,4.94,50,-74,10,<.0001 Orbit"
24304235,ace_html,projects/cue_reactivity/v5,True,found,missed_in_main_text,"Addiction (Abingdon, England)","/home/zorro/repos/autonima-results/articles/ace_outputs/html/Addiction (Abingdon, England)/24304235.html","/home/zorro/repos/autonima-results/articles/ace_outputs/html/Addiction (Abingdon, England)/24304235.html",,,fMRI Response to Alcohol Pictures Predicts Subsequent Transition to Heavy Drinking in College Students - PMC,4,1,0,0,1,,coord_tables:1|coord_keyword_tables:1|xyz_header_tables:1|max_triplets_in_table:5,"Anatomic Region (BA) Talairach Coordinates F(2,40) Group Activation Mean (SD) x, y, z Continuously Moderate Transitioned to Heavy Continuously Heavy Bilateral caudate, left thalamus, left mid-insula ( 13 ) 3, -9, 9 8.39 -0.37 (0.69) 0.57 (0.69) * § 0.01 (0.41) Bilateral medial frontal gyrus, anterior cingulate ( 10 , 32 ) 0, -57, 3 6.36 -0.27 (1.14"
24314346,elsevier_output,projects/cue_reactivity/v5,True,found,tables_present_no_coordinate_content,elsevier_output,/home/zorro/repos/autonima-results/articles/elsevier_output/24314346/article.xml,/home/zorro/repos/autonima-results/articles/elsevier_output/24314346/article.xml,/home/zorro/repos/autonima-results/articles/elsevier_output/24314346/tables/*.csv,/home/zorro/repos/autonima-results/articles/elsevier_output/24314346/tables/01_t0005.csv,Genetic Variation in the Atrial Natriuretic Peptide Transcription Factor GATA4 Modulates Amygdala Responsiveness in Alcohol Dependence,1,0,6,0,0,,table_count:1|coord_keywords:0|triplets:2|no_coord_table_detected,"<full-text-retrieval-response xmlns=""http://www.elsevier.com/xml/svapi/article/dtd"" xmlns:bk=""http://www.elsevier.com/xml/bk/dtd"" xmlns:cals=""http://www.elsevier.com/xml/common/cals/dtd"" xmlns:ce=""http://www.elsevier.com/xml/common/dtd"" xmlns:ja=""http://www.elsevier.com/xml/ja/dtd"" xmlns:mml=""http://www.w3.org/1998/Math/MathML"" xmlns:sa=""http://www"
24317375,ace_html,projects/decision_making/v2,True,found,tables_present_no_coordinate_content,Neuropsychopharmacology : official publication of the American College of Neuropsychopharmacology,/home/zorro/repos/autonima-results/articles/ace_outputs/html/Neuropsychopharmacology : official publication of the American College of Neuropsychopharmacology/24317375.html,/home/zorro/repos/autonima-results/articles/ace_outputs/html/Neuropsychopharmacology : official publication of the American College of Neuropsychopharmacology/24317375.html,,,Attenuated Insular Processing During Risk Predicts Relapse in Early Abstinent Methamphetamine-Dependent Individuals - PMC,6,0,1,0,1,,table_count:6|no_coord_table_detected,Attenuated Insular Processing During Risk Predicts Relapse in Early Abstinent Methamphetamine-Dependent Individuals - PMC Attenuated Insular Processing During Risk Predicts Relapse in Early Abstinent Methamphetamine-Dependent Individuals - PMC Skip to main content An official website of the United States government Here's how you know Here's how yo
24400099,pubget,projects/cue_reactivity/v5,True,found,tables_present_no_coordinate_content,pubget_data,/home/zorro/repos/autonima-results/projects/cue_reactivity/v5/retrieval/pubget_data/articles/61f/pmcid_3882248/article.xml,/home/zorro/repos/autonima-results/projects/cue_reactivity/v5/retrieval/pubget_data/articles/61f/pmcid_3882248/article.xml,/home/zorro/repos/autonima-results/projects/cue_reactivity/v5/retrieval/pubget_data/articles/61f/pmcid_3882248/tables/tables.xml,/home/zorro/repos/autonima-results/projects/cue_reactivity/v5/retrieval/pubget_data/articles/61f/pmcid_3882248/tables/tables.xml,Cue Reactivity Is Associated with Duration and Severity of Alcohol Dependence: An fMRI Study,1,0,7,0,0,,table_count:1|coord_keywords:0|triplets:0|no_coord_table_detected,PMC3882248 PMC3882248.1 3882248 3882248 24400099</article-
24478673,pubget,projects/vbm_of_substance_use/v2,True,found,tables_present_no_coordinate_content,pubget_data,/home/zorro/repos/autonima-results/projects/vbm_of_substance_use/v2/retrieval/pubget_data/articles/11a/pmcid_3894477/article.xml,/home/zorro/repos/autonima-results/projects/vbm_of_substance_use/v2/retrieval/pubget_data/articles/11a/pmcid_3894477/article.xml,/home/zorro/repos/autonima-results/projects/vbm_of_substance_use/v2/retrieval/pubget_data/articles/11a/pmcid_3894477/tables/tables.xml,/home/zorro/repos/autonima-results/projects/vbm_of_substance_use/v2/retrieval/pubget_data/articles/11a/pmcid_3894477/tables/tables.xml,"Reduced Frontal Brain Volume in Non-Treatment-Seeking Cocaine-Dependent Individuals: Exploring the Role of Impulsivity, Depression, and Smoking",1,0,1,0,0,,table_count:1|coord_keywords:0|triplets:0|no_coord_table_detected,PMC3894477 PMC3894477.1 3894477 3894477 24478673</article-
24483366,ace_html,projects/vbm_of_substance_use/v2,True,found,tables_present_no_coordinate_content,"Alcoholism, clinical and experimental research","/home/zorro/repos/autonima-results/articles/ace_outputs/html/Alcoholism, clinical and experimental research/24483366.html","/home/zorro/repos/autonima-results/articles/ace_outputs/html/Alcoholism, clinical and experimental research/24483366.html",,,Relationship Between Brain Volumetric Changes and Interim Drinking at Six Months in Alcohol‐Dependent Patients - Segobin - 2014 - Alcoholism: Clinical and Experimental Research - Wiley Online Library,2,0,4,0,1,,table_count:2|no_coord_table_detected,Relationship Between Brain Volumetric Changes and Interim Drinking at Six Months in Alcohol‐Dependent Patients - Segobin - 2014 - Alcoholism: Clinical and Experimental Research - Wiley Online Library Relationship Between Brain Volumetric Changes and Interim Drinking at Six Months in Alcohol‐Dependent Patients - Segobin - 2014 - Alcoholism: Clinical
24529072,ace_html,projects/cue_reactivity/v5,True,found,missed_in_main_text,Addiction biology,/home/zorro/repos/autonima-results/articles/ace_outputs/html/Addiction biology/24529072.html,/home/zorro/repos/autonima-results/articles/ace_outputs/html/Addiction biology/24529072.html,,,Right anterior insula connectivity is important for cue-induced craving in nicotine-dependent smokers - PMC,3,2,0,0,1,,coord_tables:2|coord_keyword_tables:2|xyz_header_tables:2|max_triplets_in_table:14,Peak activation (MNI) Anatomical region Cluster Cluster (voxels) p Value Side x y z Z Occipital Pole 1 18471 4.11e-15 R 12 -96 6 5.8 Posterior Cingulate Gyrus L -4 -42 8 5.8 L/R 0 -36 14 4.98 Frontal Pole L -32 46 -12 5.73 Occipital Pole R 22 -94 16 5.41 Lateral Occipital Cortex R 36 -80 4 5.1 R 32 -86 12 4.97
24633532,ace_html,projects/social/v3-search-all_pmids,True,found,tables_present_no_coordinate_content,pond,/home/zorro/repos/autonima-results/articles/ace_outputs/html/pond/24633532.html,/home/zorro/repos/autonima-results/articles/ace_outputs/html/pond/24633532.html,,,"Neural correlates of attributing causes to the self, another person and the situation",1,0,1,0,1,,table_count:1|no_coord_table_detected,"Neural correlates of attributing causes to the self, another person and the situation Neural correlates of attributing causes to the self, another person and the situation Skip Navigation Oxford Journals Contact Us My Basket My Account Social Cognitive & Affective Neurosci About This Journal Contact This Journal Subscriptions View Current Issue (Vo"
24639542,ace_html,projects/social/v3-search-all_pmids,True,found,missed_in_main_text,Proceedings of the National Academy of Sciences of the United States of America,/home/zorro/repos/autonima-results/articles/ace_outputs/html/Proceedings of the National Academy of Sciences of the United States of America/24639542.html,/home/zorro/repos/autonima-results/articles/ace_outputs/html/Proceedings of the National Academy of Sciences of the United States of America/24639542.html,,,Attributing awareness to oneself and to others - PMC,1,1,1,0,1,,coord_tables:1|coord_keyword_tables:1|xyz_header_tables:0|max_triplets_in_table:14,Area Peak Centroid ML AP DV ML AP DV Left TPJ 44 65 45 41 62 38 Right TPJ -50 65 36 -43 61 39 Left DLPC 47 8 45 39 -3 47 Right DLPC -56 -14 6 -44 -12 37 Left APC 41 -33 11 47 -20 -4 Right APC -50 -20 -4 -41 -34 2 SMA -2 -20 51 0 -17 53
24652858,ace_html,projects/social/v3-search-all_pmids,True,found,tables_linked_not_fetched,pond,/home/zorro/repos/autonima-results/articles/ace_outputs/html/pond/24652858.html,/home/zorro/repos/autonima-results/articles/ace_outputs/html/pond/24652858.html,,,Acting on social exclusion: neural correlates of punishment and forgiveness of excluders,0,0,2,0,1,,table_expansion_links:2|table_external_links:0|table_placeholders:14|example_link:scan.nsu045/T1.expansion.html,"rs represent standard error of the mean). BI, beneficial inequality; NCI, non-costly inequality; CI, costly inequality. View this table: In this window In a new window Table 1 Brain regions revealed by whole-brain contrasts when participants made an alloc"
24666131,ace_html,projects/social/v3-search-all_pmids,True,found,missed_in_main_text,pond,/home/zorro/repos/autonima-results/articles/ace_outputs/html/pond/24666131.html,/home/zorro/repos/autonima-results/articles/ace_outputs/html/pond/24666131.html,,,MIT Press Journals - Journal of Cognitive Neuroscience - Full Text,29,4,0,0,1,,coord_tables:4|coord_keyword_tables:11|xyz_header_tables:0|max_triplets_in_table:3,Hello. Sign in to personalize your visit. New user? Register now . UNIV OF TEXAS AT AUSTIN Home >> List of Issues >> Table of Contents >> Full Text << previous article | next article Quick Tools Email to a Colleague Add Article to Favorites Alert Me When new articles cite this article RSS (TOC Alert) RSS (Citation Alert) Download to Citation Manage
24695721,ace_html,projects/cue_reactivity/v5,True,found,missed_in_main_text,The Journal of neuroscience : the official journal of the Society for Neuroscience,/home/zorro/repos/autonima-results/articles/ace_outputs/html/The Journal of neuroscience : the official journal of the Society for Neuroscience/24695721.html,/home/zorro/repos/autonima-results/articles/ace_outputs/html/The Journal of neuroscience : the official journal of the Society for Neuroscience/24695721.html,,,Nipping Cue Reactivity in the Bud: Baclofen Prevents Limbic Activation Elicited by Subliminal Drug Cues - PMC,2,1,0,0,1,,coord_tables:1|coord_keyword_tables:1|xyz_header_tables:1|max_triplets_in_table:17,Region Hemisphere MNI coordinates T -values x y z A priori regions Nucleus accumbens L -14 4 -8 -3.86 R 16 4 -10 -3.57 Ventral pallidum L -14 4 -6 -3.83 R 16 -2 -8 -4.19 Amygdala L -18 0 -20 -3.48 R 18 -4 -12 -3.55 Orbitofrontal cortex L -26 22 -26 -4.20 R 32 14 -20 -3.36 Midbrain L -4 -16 -18 -3.32 R 0 -20 -20 -3.29 Non-a priori regions Uncus L -3
24700584,ace_html,projects/social/v3-search-all_pmids,True,found,missed_in_main_text,pond,/home/zorro/repos/autonima-results/articles/ace_outputs/html/pond/24700584.html,/home/zorro/repos/autonima-results/articles/ace_outputs/html/pond/24700584.html,,,Reflections of Oneself: Neurocognitive Evidence for Dissociable Forms of Self-Referential Recollection | Cerebral Cortex | Oxford Academic,13,8,0,0,1,,coord_tables:8|coord_keyword_tables:8|xyz_header_tables:0|max_triplets_in_table:18,Hemisphere . Region . BA . x . y . z . Voxels . Agentic old > Control T -value . Agentic new > Control T -value . Conceptual old > Control T -value . Conceptual new > Control T -value . Independ-ent contrasts conjunct-ion T -value . Medial PFC ROI Left Superior frontal gyrus 10 -12 59 25 68 4.87 4.72 6.44 5.45 3.73 Whole-brain analysis Bilateral Pr
24720731,ace_html,projects/cue_reactivity/v5,True,found,missed_in_main_text,Addiction biology,/home/zorro/repos/autonima-results/articles/ace_outputs/html/Addiction biology/24720731.html,/home/zorro/repos/autonima-results/articles/ace_outputs/html/Addiction biology/24720731.html,,,Orbitofrontal response to drug‐related stimuli after heroin administration - Walter - 2015 - Addiction Biology - Wiley Online Library,4,3,0,0,1,,coord_tables:3|coord_keyword_tables:3|xyz_header_tables:3|max_triplets_in_table:6,"Area Cluster size (voxels) Cluster P -value (FWE corrected) MNI coordinates of cluster maximum (x y z) Hemisphere Z-value at voxel level Patients < Control Medial frontal gyrus (OFC), Middle frontal gyrus 4681 0.003 2 29-17 R 4.07 32 51-11 R 3.97 3 54-5 R 3.79 Patients > Control None"
24741043,ace_html,projects/vbm_of_substance_use/v2,True,found,missed_in_main_text,The Journal of neuroscience : the official journal of the Society for Neuroscience,/home/zorro/repos/autonima-results/articles/ace_outputs/html/The Journal of neuroscience : the official journal of the Society for Neuroscience/24741043.html,/home/zorro/repos/autonima-results/articles/ace_outputs/html/The Journal of neuroscience : the official journal of the Society for Neuroscience/24741043.html,,,Cannabis Use Is Quantitatively Associated with Nucleus Accumbens and Amygdala Abnormalities in Young Adult Recreational Users - PMC,9,2,0,0,1,,coord_tables:2|coord_keyword_tables:2|xyz_header_tables:2|max_triplets_in_table:28,"Area Region Hemisphere x y z Peak z Volume, mm 3 MJ > CON Frontal Middle frontal gyrus R 30 -10 44 3.71 48 Parietal Precuneus R 24 -60 26 4.16 472 Postcentral gyrus L -24 -36 58 3.75 184 Temporal Insula L -30 14 2 3.63 80 Subcortical Nucleus accumbens/putamen L -12 2 -10 4.19 296 Amygdala L -24 -12 -8 3.56 40 Occipital Lateral occipital cortex R 36"
24754451,ace_html,projects/decision_making/v2,True,found,missed_in_main_text,Addiction biology,/home/zorro/repos/autonima-results/articles/ace_outputs/html/Addiction biology/24754451.html,/home/zorro/repos/autonima-results/articles/ace_outputs/html/Addiction biology/24754451.html,,,Cumulative gains enhance striatal response to reward opportunities in alcohol-dependent patients - PMC,3,2,8,0,1,,coord_tables:2|coord_keyword_tables:1|xyz_header_tables:2|max_triplets_in_table:11,Region x y z t stat VOL Cue: risky > safe CON > ADP Left superior frontal gyrus -33 56 27 6.45 504 Choice: risky > safe No significant between-group differences detected Feedback: win > safe No significant between-group differences detected Feedback: lose > safe CON > ADP Right superior frontal gyrus 21 10 70 4.72 328 Right middle frontal gyrus 41 
24832823,ace_html,projects/vbm_of_substance_use/v2,True,found,missed_in_main_text,Neuropsychopharmacology : official publication of the American College of Neuropsychopharmacology,/home/zorro/repos/autonima-results/articles/ace_outputs/html/Neuropsychopharmacology : official publication of the American College of Neuropsychopharmacology/24832823.html,/home/zorro/repos/autonima-results/articles/ace_outputs/html/Neuropsychopharmacology : official publication of the American College of Neuropsychopharmacology/24832823.html,,,Current Smoking and Reduced Gray Matter Volume—a Voxel-Based Morphometry Study - PMC,2,1,1,0,1,,coord_tables:1|coord_keyword_tables:1|xyz_header_tables:1|max_triplets_in_table:16,"Region (Brodmann's area) Side t -Statistic Cluster size in voxel MNI coordinate x y z Dorsolateral PFC (BA 10) R 4.85 442 15 62 0 Dorsolateral PFC (BA 13) L 4.78 51 -42 11 6 Dorsolateral PFC (BA 10) L 4.60 42 -14 68 1 Dorsomedial PFC (BA 10, 32) R 5.14 164 8 46 0 Dorsomedial PFC (BA 10) R 4.85 177 14 62 3 Dorsomedial PFC (BA 10) L 4.72 95 -14 64 0 "
24880692,elsevier_output,projects/cue_reactivity/v5,True,found,tables_present_no_coordinate_content,elsevier_output,/home/zorro/repos/autonima-results/articles/elsevier_output/24880692/article.xml,/home/zorro/repos/autonima-results/articles/elsevier_output/24880692/article.xml,/home/zorro/repos/autonima-results/articles/elsevier_output/24880692/tables/*.csv,/home/zorro/repos/autonima-results/articles/elsevier_output/24880692/tables/01_tbl0005.csv|/home/zorro/repos/autonima-results/articles/elsevier_output/24880692/tables/02_tbl0010.csv,The association between cue-reactivity in the precuneus and level of dependence on nicotine and alcohol,2,0,3,0,0,,table_count:2|coord_keywords:0|triplets:0|no_coord_table_detected,"<full-text-retrieval-response xmlns=""http://www.elsevier.com/xml/svapi/article/dtd"" xmlns:bk=""http://www.elsevier.com/xml/bk/dtd"" xmlns:cals=""http://www.elsevier.com/xml/common/cals/dtd"" xmlns:ce=""http://www.elsevier.com/xml/common/dtd"" xmlns:ja=""http://www.elsevier.com/xml/ja/dtd"" xmlns:mml=""http://www.w3.org/1998/Math/MathML"" xmlns:sa=""http://www"
24949564,ace_html,projects/cue_reactivity/v5,True,found,missed_in_main_text,The American journal of drug and alcohol abuse,/home/zorro/repos/autonima-results/articles/ace_outputs/html/The American journal of drug and alcohol abuse/24949564.html,/home/zorro/repos/autonima-results/articles/ace_outputs/html/The American journal of drug and alcohol abuse/24949564.html,,,"VARENICLINE, NALTREXONE, AND THEIR COMBINATION FOR HEAVY-DRINKING SMOKERS: PRELIMINARY NEUROIMAGING FINDINGS - PMC",4,2,0,0,1,,coord_tables:2|coord_keyword_tables:2|xyz_header_tables:2|max_triplets_in_table:23,Brain Region Hemisphere Cluster Voxels Max Z X Y Z Precuneus/Thalamus/Putamen/ Accumbens (L)/ Caudate/ Anterior Cingulate Cortex/ Superior Frontal Gyrus/Middle Frontal Gyrus/Inferior Frontal Gyrus R 57355 4.01 2 -70 28 - Lingual Gyrus R 4.00 12 -70 -6 - Occipital Pole L 3.98 -26 -100 -12 - Intracalcarine Cortex R 3.96 14 -78 4 - Middle Temporal Gyr
25042446,ace_html,projects/social/v3-search-all_pmids,True,found,tables_present_no_coordinate_content,pond,/home/zorro/repos/autonima-results/articles/ace_outputs/html/pond/25042446.html,/home/zorro/repos/autonima-results/articles/ace_outputs/html/pond/25042446.html,,,Implicit false-belief processing in the human brain,1,0,2,0,1,,table_count:1|no_coord_table_detected,Implicit false-belief processing in the human brain Implicit false-belief processing in the human brain ScienceDirect will be phasing out support for Internet Explorer 7. Click here to upgrade to a higher version. Close Journals Books Sign in OpenAthens login Login via your institution Other institution login Sign in using your ScienceDirect creden
25088911,ace_html,projects/social/v3-search-all_pmids,True,found,supplement_only_or_referenced,Manual,/home/zorro/repos/autonima-results/articles/ace_outputs/html/Manual/25088911.html,/home/zorro/repos/autonima-results/articles/ace_outputs/html/Manual/25088911.html,,,You are in sync with me: Neural correlates of interpersonal synchrony with a partner - ScienceDirect,0,0,1,0,1,,supplement_cue:supplementary,unctional magnetic resonance imaging FOV field of view IPL inferior parietal lobule M1 primary motor cortex pre-SMA pre-supplementary motor area PMC premotor cortex S1 primary somatosensory cortex SMA supplementary motor cortex SMS sensorimotor synchron
25100220,ace_html,projects/decision_making/v2,True,found,missed_in_main_text,Journal of cognitive neuroscience,/home/zorro/repos/autonima-results/articles/ace_outputs/html/Journal of cognitive neuroscience/25100220.html,/home/zorro/repos/autonima-results/articles/ace_outputs/html/Journal of cognitive neuroscience/25100220.html,,,Learning to Play It Safe (or Not): Stable and Evolving Neural Responses during Adolescent Risky Decision-making - PMC,3,3,1,0,1,,coord_tables:3|coord_keyword_tables:0|xyz_header_tables:3|max_triplets_in_table:11,Contrast Anatomical Region x y z k t Go > Stop Bilateral ventral striatum -3 6 -3 78 6.23 Stop > Go R superior temporal gyrus 57 -42 12 913 8.95 L superior temporal gyrus -57 -39 12 557 7.60 R inferior frontal gyrus 45 30 9 391 6.91 Bilateral cuneus 0 -87 21 678 7.85 R parahippocampal gyrus 21 -51 -3 80 4.61 R lingual gyrus 27 -69 -9 110 6.29 R inf
25125263,ace_html,projects/vbm_of_substance_use/v2,True,found,missed_in_main_text,Addiction biology,/home/zorro/repos/autonima-results/articles/ace_outputs/html/Addiction biology/25125263.html,/home/zorro/repos/autonima-results/articles/ace_outputs/html/Addiction biology/25125263.html,,,Lower subcortical gray matter volume in both younger smokers and established smokers relative to non-smokers - PMC,4,3,0,0,1,,coord_tables:3|coord_keyword_tables:3|xyz_header_tables:0|max_triplets_in_table:8,"Smokers relative to non-smokers Significant clusters a MNI coordinates Maximum * Cluster size Lower tissue volume L Insula, parahippocampal gyrus, amygdala -22 2 -20 8.7 2586 L Medial and orbital frontal cortex -10 56 -15 5.89 707 L Thalamus -7 -25 1 7.43 983 R Insula, parahippocampal gyrus, amygdala 33 5 -20 6.28 360 R Frontal pole 30 51 -11 6.92 "
25277841,ace_html,projects/decision_making/v2,True,found,missed_in_main_text,Behavioural brain research,/home/zorro/repos/autonima-results/articles/ace_outputs/html/Behavioural brain research/25277841.html,/home/zorro/repos/autonima-results/articles/ace_outputs/html/Behavioural brain research/25277841.html,,,Comfort for uncertainty in pathological gamblers: A fMRI study - PMC,5,3,0,0,1,,coord_tables:3|coord_keyword_tables:3|xyz_header_tables:3|max_triplets_in_table:32,Card-Deck task contrast Regions Left/right Activation/deactivation BA k MNI coordinates t -value x y z Decision-making under risk minus Decision-making under ambiguity Superior frontal gyrus R A 8 32 21 44 42 5.07 Dorsolateral prefrontal cortex L A 9 94 -12 60 28 4.98 Middle frontal gyrus R A 10 41 44 44 20 4.94 Superior temporal gyrus L A 43 435 -
25298009,ace_html,projects/social/v3-search-all_pmids,True,found,tables_linked_not_fetched,pond,/home/zorro/repos/autonima-results/articles/ace_outputs/html/pond/25298009.html,/home/zorro/repos/autonima-results/articles/ace_outputs/html/pond/25298009.html,,,Beautiful friendship: Social sharing of emotions improves subjective feelings and activates the neural reward circuitry,0,0,5,0,1,,table_expansion_links:1|table_external_links:0|table_placeholders:8|example_link:scan.nsu121/T1.expansion.html,"d with shared trials was found in the lingual gyrus, for both emotional and neutral stimuli ( Supplementary Table S3 ). View this table: In this window In a new window Table 1 Regional activation during picture viewing To further assess whether the social"
25567427,ace_html,projects/cue_reactivity/v5,True,found,missed_in_main_text,Neuropsychopharmacology : official publication of the American College of Neuropsychopharmacology,/home/zorro/repos/autonima-results/articles/ace_outputs/html/Neuropsychopharmacology : official publication of the American College of Neuropsychopharmacology/25567427.html,/home/zorro/repos/autonima-results/articles/ace_outputs/html/Neuropsychopharmacology : official publication of the American College of Neuropsychopharmacology/25567427.html,,,Insula–Dorsal Anterior Cingulate Cortex Coupling is Associated with Enhanced Brain Reactivity to Smoking Cues - PMC,2,2,1,0,1,,coord_tables:2|coord_keyword_tables:2|xyz_header_tables:2|max_triplets_in_table:17,"Brain area Brodmann area x y z Z -max Voxels Bilateral frontal pole extending into the superior frontal gyrus; aspects of the anterior cingulate cortex; and anterior left middle frontal gyrus 6, 9, 8, 10, 32 8 22 64 4.48 9223 Bilateral posterior cingulate cortex extending into the precuneus 7, 23, 31 -8 -54 26 4.81 5311 Left angular and supramargin"
25944965,ace_html,projects/social/v3-search-all_pmids,True,found,tables_linked_not_fetched,pond,/home/zorro/repos/autonima-results/articles/ace_outputs/html/pond/25944965.html,/home/zorro/repos/autonima-results/articles/ace_outputs/html/pond/25944965.html,,,Gender-specific modulation of neural mechanisms underlying social reward processing by Autism Quotient,0,0,3,0,1,,table_expansion_links:5|table_external_links:0|table_placeholders:24|example_link:scan.nsv044/T1.expansion.html,"e. hit rates) in the number comparison task are displayed in Table 1 , separated by gender ( Supplementary Figure S4 ). View this table: In this window In a new window Table 1. Descriptive statistics of the behavioral data The analyses of RTs revealed a s"
25990865,ace_html,projects/vbm_of_substance_use/v2,True,found,missed_in_main_text,Addiction biology,/home/zorro/repos/autonima-results/articles/ace_outputs/html/Addiction biology/25990865.html,/home/zorro/repos/autonima-results/articles/ace_outputs/html/Addiction biology/25990865.html,,,Lower grey matter density and functional connectivity in the anterior insula in smokers compared to never-smokers - PMC,2,1,2,0,1,,coord_tables:1|coord_keyword_tables:1|xyz_header_tables:0|max_triplets_in_table:10,"Brain Region BA a # Vox b % ROI c Hem d Cluster e x f y f z f p , FWE corrected g OFC 11 431 18 R 2108 12 20 -32 < 0.001 IFC 47 247 13 R OFC 11 213 9 L Temporal Pole 38 104 6 R Anterior PFC 10 102 3 R Subgenual ACC 25 81 19 R Entorhinal Cortex 34 79 20 L Subgenual ACC 25 40 9 L Entorhinal Cortex 28 31 7 L"
26071624,ace_html,projects/decision_making/v2,True,found,missed_in_main_text,Psychiatry research,/home/zorro/repos/autonima-results/articles/ace_outputs/html/Psychiatry research/26071624.html,/home/zorro/repos/autonima-results/articles/ace_outputs/html/Psychiatry research/26071624.html,,,Neural Activation During Risky Decision-Making in Youth at High Risk for Substance Use Disorders - PMC,7,2,3,0,1,,coord_tables:2|coord_keyword_tables:2|xyz_header_tables:2|max_triplets_in_table:6,BA Peak F Value Cluster Size Talairach Coordinates X Y Z CHOICE CONTRASTS None OUTCOME CONTRASTS Main effect of Group R & L vmPFC 24/25 13.27 330 -1 11 -6 Group X Condition Interaction R Ventral Striatum/ACC 24/25 17.43 453 5 15 -4 R Inferior Frontal Gyrus/Anterior Insula 44/13 16.49 443 41 13 14
26078198,elsevier_output,projects/vbm_of_substance_use/v2,True,found,tables_present_no_coordinate_content,elsevier_output,/home/zorro/repos/autonima-results/articles/elsevier_output/26078198/article.xml,/home/zorro/repos/autonima-results/articles/elsevier_output/26078198/article.xml,/home/zorro/repos/autonima-results/articles/elsevier_output/26078198/tables/*.csv,/home/zorro/repos/autonima-results/articles/elsevier_output/26078198/tables/01_t0005.csv,Decreased gray matter volume in inferior frontal gyrus is related to stop-signal task performance in alcohol-dependent patients,1,0,3,0,0,,table_count:1|coord_keywords:0|triplets:0|no_coord_table_detected,"<full-text-retrieval-response xmlns=""http://www.elsevier.com/xml/svapi/article/dtd"" xmlns:bk=""http://www.elsevier.com/xml/bk/dtd"" xmlns:cals=""http://www.elsevier.com/xml/common/cals/dtd"" xmlns:ce=""http://www.elsevier.com/xml/common/dtd"" xmlns:ja=""http://www.elsevier.com/xml/ja/dtd"" xmlns:mml=""http://www.w3.org/1998/Math/MathML"" xmlns:sa=""http://www"
26117505,ace_html,projects/social/v3-search-all_pmids,True,found,tables_present_no_coordinate_content,pond,/home/zorro/repos/autonima-results/articles/ace_outputs/html/pond/26117505.html,/home/zorro/repos/autonima-results/articles/ace_outputs/html/pond/26117505.html,,,neural basis of conceptualizing the same action at different levels of abstraction | Social Cognitive and Affective Neuroscience | Oxford Academic,16,0,7,0,1,,table_count:16|no_coord_table_detected,neural basis of conceptualizing the same action at different levels of abstraction | Social Cognitive and Affective Neuroscience | Oxford Academic neural basis of conceptualizing the same action at different levels of abstraction | Social Cognitive and Affective Neuroscience | Oxford Academic Skip to Main Content Advertisement Journals Books Search
26168793,ace_html,projects/social/v3-search-all_pmids,True,found,tables_linked_not_fetched,pond,/home/zorro/repos/autonima-results/articles/ace_outputs/html/pond/26168793.html,/home/zorro/repos/autonima-results/articles/ace_outputs/html/pond/26168793.html,,,The neural basis of the imitation drive,0,0,5,0,1,,table_expansion_links:3|table_external_links:0|table_placeholders:17|example_link:scan.nsv089/T1.expansion.html,"MCC (6, −8, 54). The parameter estimates for Urge and the other scores under the observation and imitation conditions. View this table: In this window In a new window Table 1. Brain activations correlated with Urge Functional connectivity between Urge an"
26176860,pubget,projects/decision_making/v2,True,found,missed_in_main_text,pubget_data,/home/zorro/repos/autonima-results/projects/decision_making/v2/retrieval/pubget_data/articles/12e/pmcid_4503769/article.xml,/home/zorro/repos/autonima-results/projects/decision_making/v2/retrieval/pubget_data/articles/12e/pmcid_4503769/article.xml,/home/zorro/repos/autonima-results/projects/decision_making/v2/retrieval/pubget_data/articles/12e/pmcid_4503769/tables/tables.xml,/home/zorro/repos/autonima-results/projects/decision_making/v2/retrieval/pubget_data/articles/12e/pmcid_4503769/tables/tables.xml,Adolescents' Neural Processing of Risky Decisions: Effects of Sex and Behavioral Disinhibition,5,2,3,0,0,,table_count:5|coord_tables:2|coord_keywords:31|triplets:8|xyz_markers:0,"pone.0132322.t004 Table 4 The Groups' Activity Differences before Cautious Responses. Abbreviations (Tables 4 and 5):Ant, anterior. Br, brain. Cerebell, cerebellum. Cing, cingulate. Cmp, comparison participants. dl, dorsolateral. Fr, frontal. Glob Pall, globus pallidus. Gy, gyrus. Hippoc, hippocampus. Hypothal, hypothalamus. Inf, inferior. L, left."
26179147,ace_html,projects/cue_reactivity/v5,True,found,supplement_only_or_referenced,Neuropsychopharmacology : official publication of the American College of Neuropsychopharmacology,/home/zorro/repos/autonima-results/articles/ace_outputs/html/Neuropsychopharmacology : official publication of the American College of Neuropsychopharmacology/26179147.html,/home/zorro/repos/autonima-results/articles/ace_outputs/html/Neuropsychopharmacology : official publication of the American College of Neuropsychopharmacology/26179147.html,,,Hippocampal and Insular Response to Smoking-Related Environments: Neuroimaging Evidence for Drug-Context Effects in Nicotine Dependence - PMC,0,0,5,0,1,,supplement_cue:Supplementary|supplement_cue:Figure S1|supplement_cue:Figure S3|supplement_cue:Figure S2|supplement_cue:Table S3,"en given a digital camera and trained to acquire four pictures of each environment, two approaching and two within (see Supplementary Figure S1 ). Upon returning the camera, study staff reviewed all pictures to determine picture content and quality. As"
26206505,ace_html,projects/social/v3-search-all_pmids,True,found,tables_linked_not_fetched,pond,/home/zorro/repos/autonima-results/articles/ace_outputs/html/pond/26206505.html,/home/zorro/repos/autonima-results/articles/ace_outputs/html/pond/26206505.html,,,Individual differences in response of dorsomedial prefrontal cortex predict daily social behavior,0,0,0,0,1,,table_expansion_links:1|table_external_links:0|table_placeholders:8|example_link:scan.nsv096/T1.expansion.html,"her people, indexed via experience sampling ( r = 0.43, p = 0.012). The shaded area represents 95% confidence interval. View this table: In this window In a new window Table 1. Results of a whole-brain contrast identifying brain regions sensitive to socia"
26303184,ace_html,projects/cue_reactivity/v5|projects/vbm_of_substance_use/v2,True,found,tables_present_no_coordinate_content,Addiction biology,/home/zorro/repos/autonima-results/articles/ace_outputs/html/Addiction biology/26303184.html,/home/zorro/repos/autonima-results/articles/ace_outputs/html/Addiction biology/26303184.html,,,Cigarette smoking leads to persistent and dose‐dependent alterations of brain activity and connectivity in anterior insula and anterior cingulate - Zanchi - 2015 - Addiction Biology - Wiley Online Library,3,0,3,0,1,,table_count:3|no_coord_table_detected,Cigarette smoking leads to persistent and dose‐dependent alterations of brain activity and connectivity in anterior insula and anterior cingulate - Zanchi - 2015 - Addiction Biology - Wiley Online Library Cigarette smoking leads to persistent and dose‐dependent alterations of brain activity and connectivity in anterior insula and anterior cingulate
26337369,ace_html,projects/social/v3-search-all_pmids,True,found,supplement_only_or_referenced,pond,/home/zorro/repos/autonima-results/articles/ace_outputs/html/pond/26337369.html,/home/zorro/repos/autonima-results/articles/ace_outputs/html/pond/26337369.html,,,Personality traits predict brain activation and connectivity when witnessing a violent conflict | Scientific Reports,0,0,4,0,1,,supplement_cue:supplemental|supplement_cue:Supplementary|supplement_cue:Table S1|supplement_cue:Table S2,"amygdala and premotor cortex (PMC). In addition, activity in regions important for preparation for action, such as the supplemental motor area and middle frontal gyrus 8 , 9 should facilitate focusing on the aggressor. Secondly, when social interactio"
26342221,ace_html,projects/social/v3-search-all_pmids,True,found,missed_in_main_text,pond,/home/zorro/repos/autonima-results/articles/ace_outputs/html/pond/26342221.html,/home/zorro/repos/autonima-results/articles/ace_outputs/html/pond/26342221.html,,,Reading fiction and reading minds: the role of simulation in the default network | Social Cognitive and Affective Neuroscience | Oxford Academic,4,4,1,0,1,,coord_tables:4|coord_keyword_tables:0|xyz_header_tables:4|max_triplets_in_table:85,Anatomic label x y z Volume Max t Social > non-social Anterior temporal pole 34 31 -42 5362 6.99 -44 9 -36 6189 6.96 Primary motor cortex -42 -15 72 1159 6.94 54 1 58 591 5.74 22 -5 84 202 4.49 Inferior frontal gyrus 60 27 6 502 5.21 46 29 -10 88 3.39 Cerebellum 26 -83 -34 586 5.01 -26 -79 -38 146 4.21 0 -51 -36 77 3.12 Dorsomedial prefrontal corte
26385612,ace_html,projects/social/v3-search-all_pmids,True,found,tables_linked_not_fetched,pond,/home/zorro/repos/autonima-results/articles/ace_outputs/html/pond/26385612.html,/home/zorro/repos/autonima-results/articles/ace_outputs/html/pond/26385612.html,,,Genetic and neural correlates of romantic relationship satisfaction,0,0,0,0,1,,table_expansion_links:6|table_external_links:0|table_placeholders:26|example_link:scan.nsv117/T1.expansion.html,formed consent was obtained from all participants before scanning. This study was approved by a local ethics committee. View this table: In this window In a new window Table 1. Subject information of two genotype groups DNA isolation and analysis We used
26598684,ace_html,projects/social/v3-search-all_pmids,True,found,tables_linked_not_fetched,pond,/home/zorro/repos/autonima-results/articles/ace_outputs/html/pond/26598684.html,/home/zorro/repos/autonima-results/articles/ace_outputs/html/pond/26598684.html,,,Neural mechanisms tracking popularity in real-world social networks | PNAS,0,0,5,0,1,,table_expansion_links:0|table_external_links:4|table_placeholders:0|example_link:/highwire/markup/504275/expansion?width=1000&height=500&iframe=true&postprocessors=highwire_tables%2Chighwire_reclass%2Chighwire_figures%2Chighwire_math%2Chighwire_inline_linked_media%2Chighwire_embed,"ties received by an individual, this SNA metric represents an intuitive and straightforward index of popularity ( 9 ). View this table: View inline View popup Table S1. Tabulation of group members included in each study phase To model everyday social enc"
26604273,ace_html,projects/social/v3-search-all_pmids,True,found,missed_in_main_text,pond,/home/zorro/repos/autonima-results/articles/ace_outputs/html/pond/26604273.html,/home/zorro/repos/autonima-results/articles/ace_outputs/html/pond/26604273.html,,,Temporal Pole Top-Down Modulates the Ventral Visual Stream During Social Cognition | Cerebral Cortex | Oxford Academic,17,8,1,0,1,,coord_tables:8|coord_keyword_tables:8|xyz_header_tables:0|max_triplets_in_table:23,"Region . Brodmann area . MNI coordinates . Cluster size . T- value . x . y . z . [Sad context, film + music&sad context, film + no music] > [neutral context, film + music&neutral context, film + no music] a R. temporal pole BA38 39 12 -36 10 3.16 L. temporal pole BA38 -42 9 -33 10 3.49 Parametric modulation with compassion ratings R. temporal pole "
26608245,ace_html,projects/social/v3-search-all_pmids,True,found,supplement_only_or_referenced,pond,/home/zorro/repos/autonima-results/articles/ace_outputs/html/pond/26608245.html,/home/zorro/repos/autonima-results/articles/ace_outputs/html/pond/26608245.html,,,Interaction matters: A perceived social partner alters the neural processing of human speech - ScienceDirect,0,0,2,0,1,,supplement_cue:Appendix|supplement_cue:Supplementary,anced Outline Highlights Abstract Keywords Introduction Methods Results Discussion Conflict of interest Acknowledgments Appendix A. Supplementary data References Show full outline Figures (3) Extras (1) Supplementary material. NeuroImage Volume 129
26656563,ace_html,projects/social/v3-search-all_pmids,True,found,missed_in_main_text,pond,/home/zorro/repos/autonima-results/articles/ace_outputs/html/pond/26656563.html,/home/zorro/repos/autonima-results/articles/ace_outputs/html/pond/26656563.html,,,Getting to know you: general and specific neural computations for learning about people | Social Cognitive and Affective Neuroscience | Oxford Academic,12,12,0,0,1,,coord_tables:12|coord_keyword_tables:12|xyz_header_tables:12|max_triplets_in_table:9,"Pk vox MNI nVox X Y Z Peak vox region (nVox) Other AAL regions > 5 voxels Main effect of Gifters > Lotteries at time of estimate 2475 42 -52 -20 Fusiform_R(143) Temporal_Mid_R(735), Angular_R(355), Temporal_Inf_R(209), Temporal_Sup_R(179), Parietal_Inf_R(115), Occipital_Inf_R(104), Occipital_Mid_R(51), Temporal_Pole_Mid_R(48), Cerebelum_Crus1_R(46)"
26679479,elsevier_output,projects/cue_reactivity/v5,True,found,tables_present_no_coordinate_content,elsevier_output,/home/zorro/repos/autonima-results/articles/elsevier_output/26679479/article.xml,/home/zorro/repos/autonima-results/articles/elsevier_output/26679479/article.xml,/home/zorro/repos/autonima-results/articles/elsevier_output/26679479/tables/*.csv,/home/zorro/repos/autonima-results/articles/elsevier_output/26679479/tables/01_tbl1.csv,Neural Sensitivity to Smoking Stimuli Is Associated With Cigarette Craving in Adolescent Smokers,1,0,3,0,0,,table_count:1|coord_keywords:0|triplets:1|no_coord_table_detected,"<full-text-retrieval-response xmlns=""http://www.elsevier.com/xml/svapi/article/dtd"" xmlns:bk=""http://www.elsevier.com/xml/bk/dtd"" xmlns:cals=""http://www.elsevier.com/xml/common/cals/dtd"" xmlns:ce=""http://www.elsevier.com/xml/common/dtd"" xmlns:ja=""http://www.elsevier.com/xml/ja/dtd"" xmlns:mml=""http://www.w3.org/1998/Math/MathML"" xmlns:sa=""http://www"
26746179,pubget,projects/social/v3-search-all_pmids,True,found,missed_in_main_text,pubget_data,/home/zorro/repos/autonima-results/projects/social/v3-search-all_pmids/retrieval/pubget_data/articles/30f/pmcid_4847697/article.xml,/home/zorro/repos/autonima-results/projects/social/v3-search-all_pmids/retrieval/pubget_data/articles/30f/pmcid_4847697/article.xml,/home/zorro/repos/autonima-results/projects/social/v3-search-all_pmids/retrieval/pubget_data/articles/30f/pmcid_4847697/tables/tables.xml,/home/zorro/repos/autonima-results/projects/social/v3-search-all_pmids/retrieval/pubget_data/articles/30f/pmcid_4847697/tables/tables.xml,‘Imagined guilt’ vs ‘recollected guilt’: implications for fMRI,2,2,4,0,0,,table_count:2|coord_tables:2|coord_keywords:28|triplets:38|xyz_markers:10,"nsw001-T1 Table 1. The name, hemisphere, and z-score of regions associated with increased activity following guilt memories/neutral memories contrasts aIndicates ROI, Peak-level threshold pcorr&lt;0.05, &gt;23 contiguous voxels. Coordinates (x, y, z) are in MNI space (Montreal Neurological institute). Table 1. The name, hemisphere, and z-score of r"
26920683,ace_html,projects/social/v3-search-all_pmids,True,found,missed_in_main_text,pond,/home/zorro/repos/autonima-results/articles/ace_outputs/html/pond/26920683.html,/home/zorro/repos/autonima-results/articles/ace_outputs/html/pond/26920683.html,,,Linking person perception and person knowledge in the human brain | Social Cognitive and Affective Neuroscience | Oxford Academic,8,8,4,0,1,,coord_tables:8|coord_keyword_tables:8|xyz_header_tables:8|max_triplets_in_table:32,Region Number of voxels T Montreal Neurological Institute coordinates x y z a) Main effect Social Agent: Bodies > Names Left occipitotemporal cortex 498 11.12 -45 -82 -2 6.26 -51 -70 16 Right occipitotemporal cortex extending into fusiform gyrus 970 10.60 45 -82 -2 10.50 54 -70 4 9.92 45 -76 10 Left hippocampus 50 9.68 -18 -31 -5 Right hippocampus 
26969865,ace_html,projects/social/v3-search-all_pmids,True,found,tables_linked_not_fetched,pond,/home/zorro/repos/autonima-results/articles/ace_outputs/html/pond/26969865.html,/home/zorro/repos/autonima-results/articles/ace_outputs/html/pond/26969865.html,,,Theory of mind for processing unexpected events across contexts,0,0,1,0,1,,table_expansion_links:4|table_external_links:0|table_placeholders:19|example_link:scan.nsw032/T1.expansion.html,"ocalized these regions in the majority of participants: RTPJ (24/24 subjects), LTPJ (23/24), PC (21/24), DMPFC (19/24). View this table: In this window In a new window Table 1. Peak MNI coordinates for ToM ROIs identified in the functional localizer FMRI"
27001826,ace_html,projects/decision_making/v2,True,found,missed_in_main_text,Proceedings of the National Academy of Sciences of the United States of America,/home/zorro/repos/autonima-results/articles/ace_outputs/html/Proceedings of the National Academy of Sciences of the United States of America/27001826.html,/home/zorro/repos/autonima-results/articles/ace_outputs/html/Proceedings of the National Academy of Sciences of the United States of America/27001826.html,,,Behavioral contagion during learning about another agent’s risk-preferences acts on the neural representation of decision-risk - PMC,15,2,5,0,1,,coord_tables:2|coord_keyword_tables:2|xyz_header_tables:2|max_triplets_in_table:15,"Region Hemi BA x y z t static P value Voxels Risk Caudate (head) Bi 9 20 7 6.26 0.000 189 Caudate (tail) L -27 -37 4 4.21 0.000 94 Expected value Visual cortex Bi 17/18/19 -6 -70 16 7.25 0.000 4,151 PCC/TPJ/IPL Bi 23/39/40 9 -40 37 6.93 0.000 1,487 mPFC Bi 8/910/32 -12 41 40 5.27 0.000 1,491 Insula L 13 -33 11 -8 4.78 0.000 73 Precentral gyrus R 4 "
27007121,ace_html,projects/social/v3-search-all_pmids,True,found,missed_in_main_text,pond,/home/zorro/repos/autonima-results/articles/ace_outputs/html/pond/27007121.html,/home/zorro/repos/autonima-results/articles/ace_outputs/html/pond/27007121.html,,,Contributions of self-report and performance-based individual differences measures of social cognitive ability to large-scale neural network functioning | SpringerLink,2,1,0,0,1,,coord_tables:1|coord_keyword_tables:1|xyz_header_tables:0|max_triplets_in_table:12,"Brain Region Peak Voxel Coordinate Cluster Size (k E ) T-score L DLPFC -44, 24, 28 1496 10.47 R Ventral Visual Cortex 40, -76, -8 1784 8.99 Posterior Medial Cerebellum -8, -76, -38 651 8.54 L Ventral Visual Cortex -38, -84, -4 1463 8.32 R DLPFC/AI 46, 32, 18 2152 8.00 Anterior Medial Cerebellum -2, -46, -36 125 6.91 DMPFC/dACC 0, 18, 50 837 6.84 L "
27126701,ace_html,projects/vbm_of_substance_use/v2,True,found,missed_in_main_text,Addiction biology,/home/zorro/repos/autonima-results/articles/ace_outputs/html/Addiction biology/27126701.html,/home/zorro/repos/autonima-results/articles/ace_outputs/html/Addiction biology/27126701.html,,,Prefrontal gray matter volume recovery in treatment-seeking cocaine-addicted individuals: A longitudinal study - PMC,3,1,2,0,1,,coord_tables:1|coord_keyword_tables:1|xyz_header_tables:1|max_triplets_in_table:19,Anatomical Label Hemisphere BA X Y Z voxels Z-Score Group Main Effect: HC > iCUD ( p FDR < 0.05) Cuneus Left 19 -17 -77 20 2672 5.24 Precuneus Right 40 23 -54 33 3902 4.82 Group Main Effect: iCUD > HC ( p FDR < 0.05) Supplementary motor Right 6 36 -11 68 771 5.66 Medial Superior Frontal Left 8 2 36 45 908 5.46 Parietal/Occipital Right 7 30 -57 54 2
27165762,ace_html,projects/social/v3-search-all_pmids,True,found,supplement_only_or_referenced,pond,/home/zorro/repos/autonima-results/articles/ace_outputs/html/pond/27165762.html,/home/zorro/repos/autonima-results/articles/ace_outputs/html/pond/27165762.html,,,Distinct neural patterns of social cognition for cooperation versus competition - ScienceDirect,0,0,8,0,1,,supplement_cue:Appendix|supplement_cue:Supplementary|supplement_cue:Table S1|supplement_cue:Table S2|supplement_cue:Table S3,lights Abstract Abbreviations Keywords Introduction Materials and methods Results Discussion Conclusion Acknowledgments Appendix A. Supplementary References Show full outline Figures (8) Show all figures Tables (8) Table S1 Table S2 Table S3 Table
27217118,ace_html,projects/social/v3-search-all_pmids,True,found,missed_in_main_text,pond,/home/zorro/repos/autonima-results/articles/ace_outputs/html/pond/27217118.html,/home/zorro/repos/autonima-results/articles/ace_outputs/html/pond/27217118.html,,,Neural dissociations between meaningful and mere inconsistency in impression updating | Social Cognitive and Affective Neuroscience | Oxford Academic,8,8,6,0,1,,coord_tables:8|coord_keyword_tables:8|xyz_header_tables:8|max_triplets_in_table:20,"Region Hemi x y z No. of Voxels A. Positive-to-negative > merely inconsistent and control > negative-to-positive. IFG L -56 20 18 123 vlPFC L -47 23 -7 37 mFG L -41 -2 51 56 ATL L -41 8 -31 25 Anterior temporal pole L -53 14 -10 21 dmPFC - -5 59 30 20 b. Positive-to-negative, negative-to-positive, merely inconsistent > control pSTS/TPJ L -59 -53 12"
27266443,pubget,projects/social/v3-search-all_pmids,True,found,supplement_only_or_referenced,pubget_data,/home/zorro/repos/autonima-results/projects/social/v3-search-all_pmids/retrieval/pubget_data/articles/0b7/pmcid_4954868/article.xml,/home/zorro/repos/autonima-results/projects/social/v3-search-all_pmids/retrieval/pubget_data/articles/0b7/pmcid_4954868/article.xml,/home/zorro/repos/autonima-results/projects/social/v3-search-all_pmids/retrieval/pubget_data/articles/0b7/pmcid_4954868/tables/tables.xml,/home/zorro/repos/autonima-results/projects/social/v3-search-all_pmids/retrieval/pubget_data/articles/0b7/pmcid_4954868/tables/tables.xml,Mindfulness training increases cooperative decision making in economic exchanges: Evidence from fMRI,0,0,4,0,0,,supplement_cue:supplement|supplement_cue:Table S2|supplement_cue:Table S1|supplement_cue:supplementary,a><meta-name>pmc-prop-has-pdf</meta-name><meta-value>yes</meta-value></custom-meta><custom-meta><meta-name>pmc-prop-has-supplement</meta-name><meta-value>yes</meta-value></custom-meta><custom-meta><meta-name>pmc-prop-pdf-only</meta-name><meta-value>n
27319001,ace_html,projects/social/v3-search-all_pmids,True,found,missed_in_main_text,pond,/home/zorro/repos/autonima-results/articles/ace_outputs/html/pond/27319001.html,/home/zorro/repos/autonima-results/articles/ace_outputs/html/pond/27319001.html,,,Contextual exclusion processing: an fMRI study of rejection in a performance-related context | SpringerLink,2,2,1,0,1,,coord_tables:2|coord_keyword_tables:0|xyz_header_tables:2|max_triplets_in_table:55,"Region x y z t k FG EX > FG IN R Postcentral Gyrus 44 -32 64 8.62 996 vmPFC (vACC, OFC) 0 40 -8 6.05 396 Rolandic Operculum 38 -16 18 9.12 337 L ParaHippocampal Gyrus -22 -32 -14 6.38 170 L Angular Gyrus -44 -74 44 6.22 136 L Superior Occipital Gyrus -12 -102 18 5.93 104 L Middle Temporal Gyrus -60 -4 -22 5.98 70 L IFG (pars Triangularis) -58 30 6 "
27458363,ace_html,projects/social/v3-search-all_pmids,True,found,tables_present_no_coordinate_content,pond,/home/zorro/repos/autonima-results/articles/ace_outputs/html/pond/27458363.html,/home/zorro/repos/autonima-results/articles/ace_outputs/html/pond/27458363.html,,,Introduction,1,0,0,0,1,,table_count:1|no_coord_table_detected,Introduction Front. Hum. Neurosci. Frontiers in Human Neuroscience Front. Hum. Neurosci. 1662-5161 Frontiers Media S.A. 10.3389/fnhum.2016.00345 Neuroscience Original Research Neural Correlates of the Appraisal of Attachment Scenes in Healthy Controls and Social Cognition—An fMRI Study Labek Karin 1 * Viviani Roberto 1 2 Gizewski Elke R. 3 4 Verius
27496338,ace_html,projects/social/v3-search-all_pmids,True,found,missed_in_main_text,pond,/home/zorro/repos/autonima-results/articles/ace_outputs/html/pond/27496338.html,/home/zorro/repos/autonima-results/articles/ace_outputs/html/pond/27496338.html,,,Neural correlates of naturalistic social cognition: brain-behavior relationships in healthy adults | Social Cognitive and Affective Neuroscience | Oxford Academic,4,4,0,0,1,,coord_tables:4|coord_keyword_tables:4|xyz_header_tables:4|max_triplets_in_table:63,Cluster P(FWE) Cluster size (number of voxels) Peak Z x y z Region R/L Main effect of condition Social > Non-social scenes 4676 Inf 52 -70 4 Middle Temporal Gyrus R Inf 46 -60 16 Middle Temporal Gyrus (extending to the TPJ) R Inf 46 -74 0 Middle Occipital Gyrus R 2417 Inf -50 -74 10 Middle Occipital Gyrus L Inf -42 -54 -18 Fusiform Gyrus L Inf -54 
27510495,ace_html,projects/social/v3-search-all_pmids,True,found,missed_in_main_text,pond,/home/zorro/repos/autonima-results/articles/ace_outputs/html/pond/27510495.html,/home/zorro/repos/autonima-results/articles/ace_outputs/html/pond/27510495.html,,,Intrinsic functional connectivity underlying successful emotion regulation of angry faces | Social Cognitive and Affective Neuroscience | Oxford Academic,16,12,8,0,1,,coord_tables:12|coord_keyword_tables:4|xyz_header_tables:12|max_triplets_in_table:35,Brain region Hemisphere x y z T k Observe-angry > Increase + Decrease (yellow - red) Postcentral gyrus (BA 2) RH 62 -22 30 6.65 921 IFG (BA 9) RH 58 5 26 5.21 LM Postcentral gyrus (BA 2) LH -49 -29 36 6.42 5135 Precentral gyrus (BA 6) LH -29 -12 56 6.28 LM Postcentral gyrus (BA 3) LH -41 -19 55 6.10 LM Precentral gyrus (BA 6) LH -57 -2 33 5.73 LM A
27528669,ace_html,projects/social/v3-search-all_pmids,True,found,tables_linked_not_fetched,pond,/home/zorro/repos/autonima-results/articles/ace_outputs/html/pond/27528669.html,/home/zorro/repos/autonima-results/articles/ace_outputs/html/pond/27528669.html,,,Neurocomputational mechanisms of prosocial learning and links to empathy | PNAS,0,0,6,0,1,,table_expansion_links:0|table_external_links:5|table_placeholders:0|example_link:/highwire/markup/526177/expansion?width=1000&height=500&iframe=true&postprocessors=highwire_tables%2Chighwire_reclass%2Chighwire_figures%2Chighwire_math%2Chighwire_inline_linked_media%2Chighwire_embed,iatum response. All images displayed at P < 0.001 uncorrected. Peak voxels all survive P < 0.05 FWE-SVC (see Fig. S3 ). View this table: View inline View popup Table S1. Main effects for chosen value and reward prediction error across conditions and indiv
27576746,ace_html,projects/social/v3-search-all_pmids,True,found,missed_in_main_text,pond,/home/zorro/repos/autonima-results/articles/ace_outputs/html/pond/27576746.html,/home/zorro/repos/autonima-results/articles/ace_outputs/html/pond/27576746.html,,,When BOLD is thicker than water: processing social information about kin and friends at different levels of the social network | Social Cognitive and Affective Neuroscience | Oxford Academic,8,8,0,0,1,,coord_tables:8|coord_keyword_tables:8|xyz_header_tables:8|max_triplets_in_table:14,Cluster index Cluster size Max z value P (corrected) MNI local maxima x y z Bilateral posterior cingulate cortex 2512 <0.0001 Left posterior cingulate 4.74 -6 -56 6 Left posterior cingulate 4.66 -14 -48 8 Left posterior cingulate 4.61 -8 -56 10 Right posterior cingulate 4.38 10 -54 26 Right posterior cingulate 4.38 18 -48 8 Bilateral ventral medial
27591399,elsevier_output,projects/decision_making/v2,True,found,tables_present_no_coordinate_content,elsevier_output,/home/zorro/repos/autonima-results/articles/elsevier_output/27591399/article.xml,/home/zorro/repos/autonima-results/articles/elsevier_output/27591399/article.xml,/home/zorro/repos/autonima-results/articles/elsevier_output/27591399/tables/*.csv,/home/zorro/repos/autonima-results/articles/elsevier_output/27591399/tables/01_tbl0005.csv,Risky decision-making in adolescent girls: The role of pubertal hormones and reward circuitry,1,0,6,0,0,,table_count:1|coord_keywords:0|triplets:0|no_coord_table_detected,"<full-text-retrieval-response xmlns=""http://www.elsevier.com/xml/svapi/article/dtd"" xmlns:bk=""http://www.elsevier.com/xml/bk/dtd"" xmlns:cals=""http://www.elsevier.com/xml/common/cals/dtd"" xmlns:ce=""http://www.elsevier.com/xml/common/dtd"" xmlns:ja=""http://www.elsevier.com/xml/ja/dtd"" xmlns:mml=""http://www.w3.org/1998/Math/MathML"" xmlns:sa=""http://www"
27620345,ace_html,projects/decision_making/v2,True,found,missed_in_main_text,Drug and alcohol dependence,/home/zorro/repos/autonima-results/articles/ace_outputs/html/Drug and alcohol dependence/27620345.html,/home/zorro/repos/autonima-results/articles/ace_outputs/html/Drug and alcohol dependence/27620345.html,,,A preliminary study of longitudinal neuroadaptation associated with recovery from addiction - PMC,7,2,3,0,1,,coord_tables:2|coord_keyword_tables:2|xyz_header_tables:2|max_triplets_in_table:11,Increased Parametrically-Modulated Signal at FU Relative to BL Peak MNI Coordinates Contrast Region Cluster Size x y z z -value Corrected p -value FU > BL Longitudinal Contrasts ( p < 0.05) Inflate*p(Explode) n/a - - - - - - Redeem*p(Explode) L Dorsal Premotor Cortex (BA 6) 55 -48 -4 42 3.94 0.041 Explode*p(Explode) n/a - - - - - - Success*p(Explod
27623361,ace_html,projects/decision_making/v2,True,found,missed_in_main_text,Manual,/home/zorro/repos/autonima-results/articles/ace_outputs/html/Manual/27623361.html,/home/zorro/repos/autonima-results/articles/ace_outputs/html/Manual/27623361.html,,,Ambiguity aversion in schizophrenia: An fMRI study of decision-making under risk and ambiguity - ScienceDirect,3,1,7,0,1,,coord_tables:1|coord_keyword_tables:2|xyz_header_tables:2|max_triplets_in_table:11,"Brain region H Cluster (voxels) T Coordinates (x, y, z) Ambiguity > risk Precuneus, inferior parietal lobule, superior parietal lobule, supramarginal gyrus, angular gyrus, middle temporal gyrus, occipital lobe L/R 6518 ⁎ 5.67 34, - 58, 40; 22, - 68, 50; 28, - 72, 44 IFG/MFG/SFG R 1506 ⁎ 4.70 34, 4, 66; 32, 14, 64; 46, 22, 40 MFG/SFG L 313 † 4.20 - "
27798249,ace_html,projects/social/v3-search-all_pmids,True,found,missed_in_main_text,pond,/home/zorro/repos/autonima-results/articles/ace_outputs/html/pond/27798249.html,/home/zorro/repos/autonima-results/articles/ace_outputs/html/pond/27798249.html,,,Increased neural responses to empathy for pain might explain how acute stress increases prosociality | Social Cognitive and Affective Neuroscience | Oxford Academic,4,4,3,0,1,,coord_tables:4|coord_keyword_tables:4|xyz_header_tables:4|max_triplets_in_table:17,Area Peak MNI coordinates x y z t value P value (corrected) a (INJECTION > QTIP): STRESS > CONTROL ∩ (BIOPSY > QTIP): STRESS > CONTROL L occipital cortex -2 -88 -8 7.52 <0.011 L caudate nucleus -6 4 -2 6.34 0.002 R operculum parietale (OP4) 56 -12 12 6.31 0.002 R inferior frontal gyrus 50 4 16 5.98 0.006 L cerebellum -14 -62 -28 5.97 0.006 L inferi
27803286,ace_html,projects/social/v3-search-all_pmids,True,found,tables_present_no_coordinate_content,pond,/home/zorro/repos/autonima-results/articles/ace_outputs/html/pond/27803286.html,/home/zorro/repos/autonima-results/articles/ace_outputs/html/pond/27803286.html,,,neural basis of understanding the expression of the emotions in man and animals | Social Cognitive and Affective Neuroscience | Oxford Academic,20,0,5,0,1,,table_count:20|no_coord_table_detected,neural basis of understanding the expression of the emotions in man and animals | Social Cognitive and Affective Neuroscience | Oxford Academic neural basis of understanding the expression of the emotions in man and animals | Social Cognitive and Affective Neuroscience | Oxford Academic Skip to Main Content Search Account Menu Menu University of Te
27856343,ace_html,projects/social/v3-search-all_pmids,True,found,unknown,Manual,/home/zorro/repos/autonima-results/articles/ace_outputs/html/Manual/27856343.html,/home/zorro/repos/autonima-results/articles/ace_outputs/html/Manual/27856343.html,,,Brain response to masked and unmasked facial emotions as a function of implicit and explicit personality self-concept of extraversion - ScienceDirect,0,0,0,0,1,,no_coord_table_detected|no_supplement_cues_detected,Brain response to masked and unmasked facial emotions as a function of implicit and explicit personality self-concept of extraversion - ScienceDirect Brain response to masked and unmasked facial emotions as a function of implicit and explicit personality self-concept of extraversion - ScienceDirect Skip to main content Skip to article ScienceDirect
27989774,ace_html,projects/decision_making/v2,True,found,missed_in_main_text,NeuroImage,/home/zorro/repos/autonima-results/articles/ace_outputs/html/NeuroImage/27989774.html,/home/zorro/repos/autonima-results/articles/ace_outputs/html/NeuroImage/27989774.html,,,Failure to Retreat: Blunted sensitivity to negative feedback supports risky behavior in adolescents - PMC,3,3,1,0,1,,coord_tables:3|coord_keyword_tables:0|xyz_header_tables:3|max_triplets_in_table:54,Anatomical Region +/- BA x y z t k Pumps After Positive Feedback dACC + 24/32 -6 20 31 7.26 1074 Motor Cortex + 4 -6 -4 73 5.88 L Postcentral Gyrus + 1/2 -66 -22 22 6.34 1797 L Insula + -45 11 -5 5.98 L Amygdala + -21 -4 -11 5.72 L VS + -21 14 -5 3.83 R Insula + 54 11 -2 5.71 838 R VS + 21 11 -2 4.67 L DLPFC + 9/46 -36 41 28 5.26 315 R DLPFC + 9/46
28008075,ace_html,projects/social/v3-search-all_pmids,True,found,supplement_only_or_referenced,pond,/home/zorro/repos/autonima-results/articles/ace_outputs/html/pond/28008075.html,/home/zorro/repos/autonima-results/articles/ace_outputs/html/pond/28008075.html,,,Deciphering human motion to discriminate social interactions: a developmental neuroimaging study | Social Cognitive and Affective Neuroscience | Oxford Academic,0,0,1,0,1,,supplement_cue:Supplementary,Article Contents Abstract Introduction Materials and methods Results Discussion Conclusions Acknowledgements References Supplementary data < Previous Next > Article Navigation Deciphering human motion to discriminate social interactions: a developmental
28017966,pubget,projects/cue_reactivity/v5,True,found,tables_present_no_coordinate_content,pubget_data,/home/zorro/repos/autonima-results/projects/cue_reactivity/v5/retrieval/pubget_data/articles/3a9/pmcid_5340581/article.xml,/home/zorro/repos/autonima-results/projects/cue_reactivity/v5/retrieval/pubget_data/articles/3a9/pmcid_5340581/article.xml,/home/zorro/repos/autonima-results/projects/cue_reactivity/v5/retrieval/pubget_data/articles/3a9/pmcid_5340581/tables/tables.xml,/home/zorro/repos/autonima-results/projects/cue_reactivity/v5/retrieval/pubget_data/articles/3a9/pmcid_5340581/tables/tables.xml,Obese individuals with more components of the metabolic syndrome and/or prediabetes demonstrate decreased activation of reward-related brain centers in response to food cues in both the fed and fasting states: A preliminary fMRI study,1,0,4,0,0,,table_count:1|coord_keywords:0|triplets:0|no_coord_table_detected,PMC5340581 PMC5340581.1 5340581 5340581 NIHMS8300
28129057,ace_html,projects/decision_making/v2,True,found,missed_in_main_text,Journal of cognitive neuroscience,/home/zorro/repos/autonima-results/articles/ace_outputs/html/Journal of cognitive neuroscience/28129057.html,/home/zorro/repos/autonima-results/articles/ace_outputs/html/Journal of cognitive neuroscience/28129057.html,,,Adaptive Adolescent Flexibility: Neurodevelopment of Decision-making and Learning in a Risky Context - PMC,5,2,0,0,1,,coord_tables:2|coord_keyword_tables:0|xyz_header_tables:2|max_triplets_in_table:53,Anatomical Region +/- BA x y z t k Main Effect Risk L insula + -30 20 7 8.82 479 R insula + 33 23 7 5.94 219 ACC + 24/32 3 26 31 8.00 710 L MFG + 9 -33 53 25 5.06 120 R MFG + 9/46 36 44 34 4.86 53 L postcentral gyru; + - 63 - 22 25 6.15 258 L IFG (pars triangularis) - 45 -36 11 28 -5.67 171 R IFG (pars triangularis) - 45 48 29 22 -4.38 155 PCC - 23
28131889,elsevier_output,projects/decision_making/v2,True,found,missed_in_main_text,elsevier_output,/home/zorro/repos/autonima-results/articles/elsevier_output/28131889/article.xml,/home/zorro/repos/autonima-results/articles/elsevier_output/28131889/article.xml,/home/zorro/repos/autonima-results/articles/elsevier_output/28131889/tables/*.csv,/home/zorro/repos/autonima-results/articles/elsevier_output/28131889/tables/01_t0005.csv|/home/zorro/repos/autonima-results/articles/elsevier_output/28131889/tables/02_t0010.csv|/home/zorro/repos/autonima-results/articles/elsevier_output/28131889/tables/03_t0015.csv,"A neural network that links brain function, white-matter structure and risky behavior",3,1,0,0,0,,table_count:3|coord_tables:1|coord_keywords:8|triplets:23|xyz_markers:0,"Brain region,Cluster size (voxels),Unnamed: 2_level_0,Unnamed: 3_level_0,Unnamed: 4_level_0,Unnamed: 5_level_0 Brain region,Cluster size (voxels),xb,y,z,Z statistic Cluster #1,1171.0,,,, Anterior Cingulate Cortex,,-2,30,20.0,3.92 Cluster #2,779.0,,,, Insula cortex (R),,32,26,4.0,3.72 Inferior frontal gyrus (R),,38,30,23.0,3.51 Middle frontal gyrus"
28150390,ace_html,projects/vbm_of_substance_use/v2,True,found,missed_in_main_text,Addiction biology,/home/zorro/repos/autonima-results/articles/ace_outputs/html/Addiction biology/28150390.html,/home/zorro/repos/autonima-results/articles/ace_outputs/html/Addiction biology/28150390.html,,,Gray-matter relationships to diagnostic and transdiagnostic features of drug and behavioral addictions - PMC,3,2,5,0,1,,coord_tables:2|coord_keyword_tables:0|xyz_header_tables:2|max_triplets_in_table:8,"Main Effect of Diagnostic Group (ANOVA) BA k F-value x y z Medial Frontal Gyrus / anterior cingulate / middle frontal gyrus / superior frontal gyrus cingulum / dlPFC / OFC / vmPFC / premotor cortex 9, 10, 32 4520 8.32 18 48 -10 Between-Group Comparisons (t-tests) Gambling Disorder > Cocaine-Use Disorder BA k t-value x y z Anterior Cingulate / media"
28242678,ace_html,projects/social/v3-search-all_pmids,True,found,tables_linked_not_fetched,pond,/home/zorro/repos/autonima-results/articles/ace_outputs/html/pond/28242678.html,/home/zorro/repos/autonima-results/articles/ace_outputs/html/pond/28242678.html,,,A neural model of valuation and information virality | PNAS,0,0,6,0,1,,table_expansion_links:0|table_external_links:5|table_placeholders:0|example_link:/highwire/markup/11567/expansion?width=1000&height=500&iframe=true&postprocessors=highwire_tables%2Chighwire_reclass%2Chighwire_figures%2Chighwire_math%2Chighwire_inline_linked_media%2Chighwire_embed,neural activity as a proxy for each of the three psychological processes central to value-based virality ( Table S1 ). View this table: View inline View popup Table S1. ROIs in study 1 and study 2 Information-Sharing Value Neuroscientists have identified
28250149,ace_html,projects/decision_making/v2,True,found,missed_in_main_text,Journal of neurophysiology,/home/zorro/repos/autonima-results/articles/ace_outputs/html/Journal of neurophysiology/28250149.html,/home/zorro/repos/autonima-results/articles/ace_outputs/html/Journal of neurophysiology/28250149.html,,,Perceptual and categorical decision making: goal-relevant representation of two domains at different levels of abstraction - PMC,7,5,1,0,1,,coord_tables:5|coord_keyword_tables:5|xyz_header_tables:5|max_triplets_in_table:25,Area Hemi Coordinates t Score x y z Negative parametric effect mIPS L -18 -72 54 -7.94 aIPS R 39 -42 45 -7.94 mIPS R 24 -69 57 -7.42 MOG R 36 -75 33 -7.40 aIPS L -36 -45 42 -7.39 IFS R 54 6 33 -7.33 SMA L -3 18 45 -6.77 FEF R 30 -6 51 -6.71 mIPS L -27 -81 33 -6.46 aINS L -30 24 3 -6.45 IFS L -48 6 30 -6.33 FEF L -24 -9 48 -6.23 Thalamus L -9 -18 12
28287194,ace_html,projects/vbm_of_ptsd/v1,True,found,tables_present_no_coordinate_content,manual,/home/zorro/repos/autonima-results/articles/ace_outputs/html/manual/28287194.html,/home/zorro/repos/autonima-results/articles/ace_outputs/html/manual/28287194.html,,,Morphovolumetric changes after EMDR treatment in drug-naïve PTSD patients | Rivista di Psichiatria,3,0,1,0,1,,table_count:3|no_coord_table_detected,Morphovolumetric changes after EMDR treatment in drug-naïve PTSD patients | Rivista di Psichiatria Morphovolumetric changes after EMDR treatment in drug-naïve PTSD patients | Rivista di Psichiatria Toggle navigation Rivista di Psichiatria Presentazione Comitato Scientifico Norme Editoriali Archivio Abbonati Newsletter Login Area Abbonati Login Pass
28338962,ace_html,projects/social/v3-search-all_pmids,True,found,missed_in_main_text,pond,/home/zorro/repos/autonima-results/articles/ace_outputs/html/pond/28338962.html,/home/zorro/repos/autonima-results/articles/ace_outputs/html/pond/28338962.html,,,Higher order intentionality tasks are cognitively more demanding | Social Cognitive and Affective Neuroscience | Oxford Academic,4,4,2,0,1,,coord_tables:4|coord_keyword_tables:0|xyz_header_tables:4|max_triplets_in_table:43,"A) Mentalising > Factual memory (not parametric) k equivZ x,y,z (mm) 874 6.9 28 -84 -42 Posterior cerebellum 1352 7.6 -52 -58 26 TPJ (superior temporal gyrus/supramarginal gyrus) 2093 5.5 -8 50 34 Dorsomedial prefrontal cortex 461 5.2 46 8 -30 TP (middle temporal gyrus) 302 5.1 -46 8 -44 TP (middle temporal gyrus) 221 4.6 18 -42 76 Postcentral gyru"
28351544,elsevier_output,projects/cue_reactivity/v5,True,found,tables_present_no_coordinate_content,elsevier_output,/home/zorro/repos/autonima-results/articles/elsevier_output/28351544/article.xml,/home/zorro/repos/autonima-results/articles/elsevier_output/28351544/article.xml,/home/zorro/repos/autonima-results/articles/elsevier_output/28351544/tables/*.csv,/home/zorro/repos/autonima-results/articles/elsevier_output/28351544/tables/01_t0005.csv|/home/zorro/repos/autonima-results/articles/elsevier_output/28351544/tables/02_t0010.csv,Comparing the effect of clozapine and risperidone on cue reactivity in male patients with schizophrenia and a cannabis use disorder: A randomized fMRI study,2,0,0,0,0,,table_count:2|coord_keywords:0|triplets:31|no_coord_table_detected,"<full-text-retrieval-response xmlns=""http://www.elsevier.com/xml/svapi/article/dtd"" xmlns:bk=""http://www.elsevier.com/xml/bk/dtd"" xmlns:cals=""http://www.elsevier.com/xml/common/cals/dtd"" xmlns:ce=""http://www.elsevier.com/xml/common/dtd"" xmlns:ja=""http://www.elsevier.com/xml/ja/dtd"" xmlns:mml=""http://www.w3.org/1998/Math/MathML"" xmlns:sa=""http://www"
28429160,ace_html,projects/decision_making/v2,True,found,missed_in_main_text,Brain imaging and behavior,/home/zorro/repos/autonima-results/articles/ace_outputs/html/Brain imaging and behavior/28429160.html,/home/zorro/repos/autonima-results/articles/ace_outputs/html/Brain imaging and behavior/28429160.html,,,Neural Mechanisms of Risky Decision Making in Adolescents Reporting Frequent Alcohol and/or Marijuana Use - PMC,3,2,3,0,1,,coord_tables:2|coord_keyword_tables:2|xyz_header_tables:2|max_triplets_in_table:37,Contrast Region Voxels Max Z X Y Z Mean Risk > Mean Control DACC/RACC/DMPFC/Pre/Post-central gyrus 9223 12.3 -6 6 50 Brainstem/Thalamus/Striatum/R Insula 3242 11.5 8 -26 -12 L STG/ Posterior insula 1246 10.7 -38 -32 12 R STG/ Posterior insula 865 8.85 44 -22 6 R Occipital pole 658 6.07 14 -100 6 R anterior insula 500 9.37 32 22 6 L anterior insula 
28801730,ace_html,projects/cue_reactivity/v5,True,found,tables_present_no_coordinate_content,Brain imaging and behavior,/home/zorro/repos/autonima-results/articles/ace_outputs/html/Brain imaging and behavior/28801730.html,/home/zorro/repos/autonima-results/articles/ace_outputs/html/Brain imaging and behavior/28801730.html,,,Prospective Changes in Neural Alcohol Cue Reactivity in At-Risk Adolescents - PMC,2,0,0,0,1,,table_count:2|no_coord_table_detected,Prospective Changes in Neural Alcohol Cue Reactivity in At-Risk Adolescents - PMC Prospective Changes in Neural Alcohol Cue Reactivity in At-Risk Adolescents - PMC Skip to main content An official website of the United States government Here's how you know Here's how you know Official websites use .gov A .gov website belongs to an official governme
28960762,ace_html,projects/cue_reactivity/v5,True,found,missed_in_main_text,Human brain mapping,/home/zorro/repos/autonima-results/articles/ace_outputs/html/Human brain mapping/28960762.html,/home/zorro/repos/autonima-results/articles/ace_outputs/html/Human brain mapping/28960762.html,,,White matter integrity of central executive network correlates with enhanced brain reactivity to smoking cues - PMC,3,2,0,0,1,,coord_tables:2|coord_keyword_tables:2|xyz_header_tables:2|max_triplets_in_table:89,"Region Peak location Peak T value Brodmann area Cluster size (mm 3 ) X Y Z L Middle Frontal Gyrus -28 -7 45 3.97 6/9/10 1,864 R Middle Frontal Gyrus 26 -7 46 3.81 6/8/9/10/11 2,128 L Medial Frontal Gyrus -10 63 12 3.43 9/10/32 176 R Medial Frontal Gyrus 8 40 -7 3.24 8/9/10/32 784 L Orbital Frontal Gyrus -4 48 -12 2.99 11 72 R Orbital Frontal Gyrus "
29065207,ace_html,projects/vbm_of_substance_use/v2,True,found,missed_in_main_text,Nicotine & tobacco research : official journal of the Society for Research on Nicotine and Tobacco,/home/zorro/repos/autonima-results/articles/ace_outputs/html/Nicotine & tobacco research : official journal of the Society for Research on Nicotine and Tobacco/29065207.html,/home/zorro/repos/autonima-results/articles/ace_outputs/html/Nicotine & tobacco research : official journal of the Society for Research on Nicotine and Tobacco/29065207.html,,,Cerebellar Gray Matter Reductions Associate With Decreased Functional Connectivity in Nicotine-Dependent Individuals - PMC,3,2,1,0,1,,coord_tables:2|coord_keyword_tables:2|xyz_header_tables:1|max_triplets_in_table:11,Location L/R Cluster Size MNI Coordinate T value x y z smoker < nonsmoker Cerebellum_Crus I L 128 -45 -56 -33 5.174 Cerebellum_Crus I R 31 18 -76 -34 4.637 Cerebellum_Crus I R 47 37 -72 -30 5.099
29073111,ace_html,projects/social/v3-search-all_pmids,True,found,tables_linked_not_fetched,pond,/home/zorro/repos/autonima-results/articles/ace_outputs/html/pond/29073111.html,/home/zorro/repos/autonima-results/articles/ace_outputs/html/pond/29073111.html,,,Perceiving social interactions in the posterior superior temporal sulcus | PNAS,0,0,2,0,1,,table_expansion_links:0|table_external_links:1|table_placeholders:0|example_link:/highwire/markup/539462/expansion?width=1000&height=500&iframe=true&postprocessors=highwire_tables%2Chighwire_reclass%2Chighwire_figures%2Chighwire_math%2Chighwire_inline_linked_media%2Chighwire_embed,10% most significant voxels for each localizer contrast in the group-constrained subject-specific analysis ( Methods ). View this table: View inline View popup Table S1. fROI overlap The pSTS face region responded significantly more strongly to social int
29077925,ace_html,projects/social/v3-search-all_pmids,True,found,tables_present_no_coordinate_content,pond,/home/zorro/repos/autonima-results/articles/ace_outputs/html/pond/29077925.html,/home/zorro/repos/autonima-results/articles/ace_outputs/html/pond/29077925.html,,,External motivation to avoid prejudice alters neural responses to targets varying in race and status | Social Cognitive and Affective Neuroscience | Oxford Academic,16,0,1,0,1,,table_count:16|no_coord_table_detected,External motivation to avoid prejudice alters neural responses to targets varying in race and status | Social Cognitive and Affective Neuroscience | Oxford Academic External motivation to avoid prejudice alters neural responses to targets varying in race and status | Social Cognitive and Affective Neuroscience | Oxford Academic Skip to Main Content
29106683,ace_html,projects/cue_reactivity/v5,True,found,missed_in_main_text,Schizophrenia bulletin,/home/zorro/repos/autonima-results/articles/ace_outputs/html/Schizophrenia bulletin/29106683.html,/home/zorro/repos/autonima-results/articles/ace_outputs/html/Schizophrenia bulletin/29106683.html,,,Neural Responses to Smoking Cues in Schizophrenia - PMC,2,1,1,0,1,,coord_tables:1|coord_keyword_tables:1|xyz_header_tables:1|max_triplets_in_table:19,"Brain Region Side Volume (# Voxels) Z Value Peak Activity: MNI Coordinates x y z Control smokers a Medial prefrontal cortex, superior frontal gyrus, anterior cingulate cortex Bilateral 6534 4.71 -14 52 30 Posterior cingulate cortex/precuneus Bilateral 4395 5.36 -4 -52 24 Angular/supramarginal gyrus/middle temporal/inferior parietal lobule L 3483 5."
29472643,ace_html,projects/cue_reactivity/v5,True,found,tables_present_no_coordinate_content,Neuropsychopharmacology : official publication of the American College of Neuropsychopharmacology,/home/zorro/repos/autonima-results/articles/ace_outputs/html/Neuropsychopharmacology : official publication of the American College of Neuropsychopharmacology/29472643.html,/home/zorro/repos/autonima-results/articles/ace_outputs/html/Neuropsychopharmacology : official publication of the American College of Neuropsychopharmacology/29472643.html,,,Behavioral and neural markers of cigarette-craving regulation in young-adult smokers during abstinence and after smoking - PMC,1,0,8,0,1,,table_count:1|no_coord_table_detected,Behavioral and neural markers of cigarette-craving regulation in young-adult smokers during abstinence and after smoking - PMC Behavioral and neural markers of cigarette-craving regulation in young-adult smokers during abstinence and after smoking - PMC Skip to main content An official website of the United States government Here's how you know Her
29476765,pubget,projects/social/v3-search-all_pmids,True,found,supplement_only_or_referenced,pubget_data,/home/zorro/repos/autonima-results/projects/social/v3-search-all_pmids/retrieval/pubget_data/articles/cfb/pmcid_5899757/article.xml,/home/zorro/repos/autonima-results/projects/social/v3-search-all_pmids/retrieval/pubget_data/articles/cfb/pmcid_5899757/article.xml,/home/zorro/repos/autonima-results/projects/social/v3-search-all_pmids/retrieval/pubget_data/articles/cfb/pmcid_5899757/tables/tables.xml,/home/zorro/repos/autonima-results/projects/social/v3-search-all_pmids/retrieval/pubget_data/articles/cfb/pmcid_5899757/tables/tables.xml,Neural responses to visually observed social interactions,0,0,3,0,0,,supplement_cue:supplement|supplement_cue:supplementary|supplement_cue:Appendix,ta><meta-name>pmc-prop-has-pdf</meta-name><meta-value>no</meta-value></custom-meta><custom-meta><meta-name>pmc-prop-has-supplement</meta-name><meta-value>yes</meta-value></custom-meta><custom-meta><meta-name>pmc-prop-pdf-only</meta-name><meta-value>n
29729394,elsevier_output,projects/cue_reactivity/v5,True,found,missed_in_main_text,elsevier_output,/home/zorro/repos/autonima-results/articles/elsevier_output/29729394/article.xml,/home/zorro/repos/autonima-results/articles/elsevier_output/29729394/article.xml,/home/zorro/repos/autonima-results/articles/elsevier_output/29729394/tables/*.csv,/home/zorro/repos/autonima-results/articles/elsevier_output/29729394/tables/01_tbl1.csv|/home/zorro/repos/autonima-results/articles/elsevier_output/29729394/tables/02_tbl2.csv|/home/zorro/repos/autonima-results/articles/elsevier_output/29729394/tables/03_tbl3.csv|/home/zorro/repos/autonima-results/articles/elsevier_output/29729394/tables/04_tbl4.csv|/home/zorro/repos/autonima-results/articles/elsevier_output/29729394/tables/05_tbl5.csv,Neural correlates of gender differences in distractibility by sexual stimuli,5,3,3,0,0,,table_count:5|coord_tables:3|coord_keywords:9|triplets:25|xyz_markers:3,"Hemisphere,Region,Size,Coordinates,Coordinates,Coordinates,zMax,PFWE Hemisphere,Region,Size,x,y,z,zMax,PFWE L,NAcc,72,-6,6,-4,3.95,.002 R,NAcc,64,8,8,-4,3.52,.008 L,Nucleus caudatus,183,-6,6,-2,4.43,.001 R,Nucleus caudatus,344,8,6,2,4.77,<.001 L,Amygdala,258,-18,-4,-12,4.77,<.001 R,Amygdala,239,22,-4,-12,3.82,.009 L,Putamen,100,-30,-14,-10,4.47,.00"
29760183,ace_html,projects/social/v3-search-all_pmids,True,found,supplement_only_or_referenced,pond,/home/zorro/repos/autonima-results/articles/ace_outputs/html/pond/29760183.html,/home/zorro/repos/autonima-results/articles/ace_outputs/html/pond/29760183.html,,,Neural mechanisms underlying individual differences in control-averse behavior. - PubMed - NCBI,0,0,1,0,1,,supplement_cue:Supplemental,gh self-reports. PMID: 29760183 DOI: 10.1523/JNEUROSCI.0047-18.2018 Share on Facebook Share on Twitter Share on Google+ Supplemental Content You are here: NCBI > Literature > PubMed Support Center Simple NCBI Directory Getting Started NCBI Education NC
29771359,ace_html,projects/social/v3-search-all_pmids,True,found,unknown,pond,/home/zorro/repos/autonima-results/articles/ace_outputs/html/pond/29771359.html,/home/zorro/repos/autonima-results/articles/ace_outputs/html/pond/29771359.html,,,Neural bases of social communicative intentions in speech | Social Cognitive and Affective Neuroscience | Oxford Academic,0,0,0,0,1,,no_coord_table_detected|no_supplement_cues_detected,Neural bases of social communicative intentions in speech | Social Cognitive and Affective Neuroscience | Oxford Academic Neural bases of social communicative intentions in speech | Social Cognitive and Affective Neuroscience | Oxford Academic Skip to Main Content Search Account Menu Menu University of Texas at Austin Sign In Register Navbar Search
29771359,pubget,projects/decision_making/v2,True,found,missed_in_main_text,pubget_data,/home/zorro/repos/autonima-results/projects/decision_making/v2/retrieval/pubget_data/articles/136/pmcid_6022564/article.xml,/home/zorro/repos/autonima-results/projects/decision_making/v2/retrieval/pubget_data/articles/136/pmcid_6022564/article.xml,/home/zorro/repos/autonima-results/projects/decision_making/v2/retrieval/pubget_data/articles/136/pmcid_6022564/tables/tables.xml,/home/zorro/repos/autonima-results/projects/decision_making/v2/retrieval/pubget_data/articles/136/pmcid_6022564/tables/tables.xml,Neural bases of social communicative intentions in speech,4,2,2,0,0,,table_count:4|coord_tables:2|coord_keywords:45|triplets:0|xyz_markers:0,nsy034-T3 Table 3. Functional activations for the contrasts Clear &gt; Ambiguous and Ambiguous &gt; Clear Note. BA: Brodmann area; L: left hemisphere; R: right hemisphere; k: cluster extent (number of voxels); p. op.: pars opercularis; p. tri.: pars triangularis. Coordinates indicate cluster peaks in MNI-space. Main peaks are in bold. P-voxel &lt; 
30154703,ace_html,projects/social/v3-search-all_pmids,True,found,missed_in_main_text,Manual,/home/zorro/repos/autonima-results/articles/ace_outputs/html/Manual/30154703.html,/home/zorro/repos/autonima-results/articles/ace_outputs/html/Manual/30154703.html,,,Interpretation of Social Interactions: Functional Imaging of Cognitive-Semiotic Categories During Naturalistic Viewing - PMC,3,3,4,0,2,,coord_tables:3|coord_keyword_tables:3|xyz_header_tables:3|max_triplets_in_table:16,"Peak voxel location Cluster size [voxel] Peak F -value Peak voxel x y z F -test across interaction types ( Figure 2 ) Superior temporal gyrus L ∗ 39,566 74.17 -62 -26 -2 Fusiform gyrus R ∗ 62.72 28 -40 -16 Inferior frontal gyrus PTr R 409 11.98 48 22 30 Middle frontal gyrus R 4.87 56 24 36 Precentral gyrus R 4.36 38 0 42 Middle cingulate cortex L 9"
30194288,pubget,projects/cue_reactivity/v5,True,found,tables_present_no_coordinate_content,pubget_data,/home/zorro/repos/autonima-results/projects/cue_reactivity/v5/retrieval/pubget_data/articles/ea7/pmcid_6128822/article.xml,/home/zorro/repos/autonima-results/projects/cue_reactivity/v5/retrieval/pubget_data/articles/ea7/pmcid_6128822/article.xml,/home/zorro/repos/autonima-results/projects/cue_reactivity/v5/retrieval/pubget_data/articles/ea7/pmcid_6128822/tables/tables.xml,/home/zorro/repos/autonima-results/projects/cue_reactivity/v5/retrieval/pubget_data/articles/ea7/pmcid_6128822/tables/tables.xml,Cortical substrates of cue-reactivity in multiple substance dependent populations: transdiagnostic relevance of the medial prefrontal cortex,2,0,2,0,0,,table_count:2|coord_keywords:3|triplets:0|no_coord_table_detected,PMC6128822 PMC6128822.1 6128822 6128822 30194288</article-
30217552,elsevier_output,projects/cue_reactivity/v5,True,found,tables_present_no_coordinate_content,elsevier_output,/home/zorro/repos/autonima-results/articles/elsevier_output/30217552/article.xml,/home/zorro/repos/autonima-results/articles/elsevier_output/30217552/article.xml,/home/zorro/repos/autonima-results/articles/elsevier_output/30217552/tables/*.csv,/home/zorro/repos/autonima-results/articles/elsevier_output/30217552/tables/01_tbl0001.csv|/home/zorro/repos/autonima-results/articles/elsevier_output/30217552/tables/02_tbl0002.csv,"Effects of high-dose baclofen on cue reactivity in alcohol dependence: A randomized, placebo-controlled pharmaco-fMRI study",2,0,3,0,0,,table_count:2|coord_keywords:0|triplets:0|no_coord_table_detected,"<full-text-retrieval-response xmlns=""http://www.elsevier.com/xml/svapi/article/dtd"" xmlns:bk=""http://www.elsevier.com/xml/bk/dtd"" xmlns:cals=""http://www.elsevier.com/xml/common/cals/dtd"" xmlns:ce=""http://www.elsevier.com/xml/common/dtd"" xmlns:ja=""http://www.elsevier.com/xml/ja/dtd"" xmlns:mml=""http://www.w3.org/1998/Math/MathML"" xmlns:sa=""http://www"
30295396,ace_html,projects/cue_reactivity/v5,True,found,missed_in_main_text,Addiction biology,/home/zorro/repos/autonima-results/articles/ace_outputs/html/Addiction biology/30295396.html,/home/zorro/repos/autonima-results/articles/ace_outputs/html/Addiction biology/30295396.html,,,Hypothalamic response to cocaine cues and cocaine addiction severity - PMC,3,2,7,0,1,,coord_tables:2|coord_keyword_tables:2|xyz_header_tables:2|max_triplets_in_table:9,"MNI Coordinates, mm Volume, mm 3 Peak Voxel (z) x y z Side Identified Brain Region Cocaine > neutral 19 737 6.96 -39 -58 -14 L Visual cortex 18 036 6.80 42 -82 -8 R Visual cortex 7452 6.32 -30 -61 55 L Inferior parietal cortex 4914 6.26 33 -46 49 R Inferior parietal cortex 729 5.39 -54 2 28 L Middle frontal gyrus 540 5.14 51 8 25 R Middle frontal g"
30646331,pubget,projects/cue_reactivity/v5,True,found,tables_present_no_coordinate_content,pubget_data,/home/zorro/repos/autonima-results/projects/cue_reactivity/v5/retrieval/pubget_data/articles/94c/pmcid_6324538/article.xml,/home/zorro/repos/autonima-results/projects/cue_reactivity/v5/retrieval/pubget_data/articles/94c/pmcid_6324538/article.xml,/home/zorro/repos/autonima-results/projects/cue_reactivity/v5/retrieval/pubget_data/articles/94c/pmcid_6324538/tables/tables.xml,/home/zorro/repos/autonima-results/projects/cue_reactivity/v5/retrieval/pubget_data/articles/94c/pmcid_6324538/tables/tables.xml,Association of Neural Responses to Drug Cues With Subsequent Relapse to Stimulant Use,1,0,4,0,0,,table_count:1|coord_keywords:0|triplets:0|no_coord_table_detected,PMC6324538 PMC6324538.1 6324538 6324538 30646331</article-
30658938,ace_html,projects/social/v3-search-all_pmids,True,found,unknown,pond,/home/zorro/repos/autonima-results/articles/ace_outputs/html/pond/30658938.html,/home/zorro/repos/autonima-results/articles/ace_outputs/html/pond/30658938.html,,,Altered striatal reward processing in abstinent dependent cannabis users: Social context matters - ScienceDirect,0,0,0,0,1,,no_coord_table_detected|no_supplement_cues_detected,Altered striatal reward processing in abstinent dependent cannabis users: Social context matters - ScienceDirect Altered striatal reward processing in abstinent dependent cannabis users: Social context matters - ScienceDirect Skip to main content Skip to article ScienceDirect Journals & Books Help Search My account The University of Texas at Austin
30734203,ace_html,projects/cue_reactivity/v5,True,found,tables_linked_not_fetched,Manual,/home/zorro/repos/autonima-results/articles/ace_outputs/html/Manual/30734203.html,/home/zorro/repos/autonima-results/articles/ace_outputs/html/Manual/30734203.html,,,Assessing drug cue-induced brain response in heroin dependents treated by methadone maintenance and protracted abstinence measures | Brain Imaging and Behavior | Springer Nature Link,0,0,1,0,1,,table_expansion_links:0|table_external_links:2|table_placeholders:0|example_link:/article/10.1007/s11682-019-00051-5/tables/1,Assessing drug cue-induced brain response in heroin dependents treated by methadone maintenance and protracted abstinence measures | Brain Imaging and Behavior | Springer Nature Link Assessing drug cue-induced brain response in heroin dependents treated by methadone maintenance and protracted abstinence measures | Brain Imaging and Behavior | Sprin
30748046,ace_html,projects/cue_reactivity/v5,True,found,missed_in_main_text,Addiction biology,/home/zorro/repos/autonima-results/articles/ace_outputs/html/Addiction biology/30748046.html,/home/zorro/repos/autonima-results/articles/ace_outputs/html/Addiction biology/30748046.html,,,Incubation of neural alcohol cue reactivity after withdrawal and its blockade by naltrexone - Bach - 2020 - Addiction Biology - Wiley Online Library,5,2,4,0,1,,coord_tables:2|coord_keyword_tables:3|xyz_header_tables:2|max_triplets_in_table:6,"Two sample t test at baseline ( n = 80) Side Lobe Brain Areas Cluster size MNI Coordinates ( X , Y , Z ) Statistic Patients > healthy controls T max R Temporal lobe Middle temporal gyrus, superior temporal gyrus 75 64 -40 10 3.68 L Temporal lobe Middle temporal gyrus 28 -68 -38 4 3.67 R Occipital/temporal lobe Middle occipital gyrus, middle tempora"
30806013,ace_html,projects/cue_reactivity/v5,True,found,missed_in_main_text,Addiction biology,/home/zorro/repos/autonima-results/articles/ace_outputs/html/Addiction biology/30806013.html,/home/zorro/repos/autonima-results/articles/ace_outputs/html/Addiction biology/30806013.html,,,Neural Cue Reactivity During Acute Abstinence Predicts Short-Term Smoking Relapse - PMC,1,1,0,0,1,,coord_tables:1|coord_keyword_tables:1|xyz_header_tables:0|max_triplets_in_table:6,Region A BA B Hem C Z-max D Voxels E X F Y Z MFG/ACC 10 L 7.7 8518 -4 54 16 Angular Gyrus 39 L 9.0 6110 -52 -62 34 MTG 21 R 7.6 3638 56 4 -34 PCC/Cingulate Gyrus 9 L 8.7 3076 -6 -52 28 IFG 45 R 6.3 814 52 38 -6 Middle Frontal Gyrus 11 L 6.8 216 -44 -46 -22
30852995,ace_html,projects/social/v3-search-all_pmids,True,found,supplement_only_or_referenced,pond,/home/zorro/repos/autonima-results/articles/ace_outputs/html/pond/30852995.html,/home/zorro/repos/autonima-results/articles/ace_outputs/html/pond/30852995.html,,,A neurocognitive investigation of the impact of socializing with a robot on empathy for pain | Philosophical Transactions of the Royal Society B: Biological Sciences,0,0,8,0,1,,supplement_cue:Supplemental|supplement_cue:supplementary|supplement_cue:figure S1|supplement_cue:figure S2|supplement_cue:figure S3,iscussion 5. Conclusion Data accessibility Authors' contribution Competing interests Funding Acknowledgements Footnotes Supplemental Material You have access Research articles A neurocognitive investigation of the impact of socializing with a robot on
30930310,ace_html,projects/social/v3-search-all_pmids,True,found,missed_in_main_text,pond,/home/zorro/repos/autonima-results/articles/ace_outputs/html/pond/30930310.html,/home/zorro/repos/autonima-results/articles/ace_outputs/html/pond/30930310.html,,,The facilitative effect of gestures on the neural processing of semantic complexity in a continuous narrative - ScienceDirect,2,1,3,0,1,,coord_tables:1|coord_keyword_tables:1|xyz_header_tables:1|max_triplets_in_table:10,"Contrast Anatomical region Cluster extent Hem. MNI Coordinates t-value No. Voxels x y z low complexity > high complexity Supramarginal Middle occipital gyrus, middle temporal gyrus, superior temporal gyrus, angular gyrus L -56 -50 26 4.69 990 Anterior cingulate Superior frontal gyrus, middle frontal gyrus R 10 44 10 4.57 1406 Middle temporal Angula"
30991248,elsevier_output,projects/cue_reactivity/v5,True,found,tables_present_no_coordinate_content,elsevier_output,/home/zorro/repos/autonima-results/articles/elsevier_output/30991248/article.xml,/home/zorro/repos/autonima-results/articles/elsevier_output/30991248/article.xml,/home/zorro/repos/autonima-results/articles/elsevier_output/30991248/tables/*.csv,/home/zorro/repos/autonima-results/articles/elsevier_output/30991248/tables/01_tbl0001.csv,The effect of N-acetylcysteine and working memory training on neural mechanisms of working memory and cue reactivity in regular cocaine users,1,0,3,0,0,,table_count:1|coord_keywords:0|triplets:0|no_coord_table_detected,"<full-text-retrieval-response xmlns=""http://www.elsevier.com/xml/svapi/article/dtd"" xmlns:bk=""http://www.elsevier.com/xml/bk/dtd"" xmlns:cals=""http://www.elsevier.com/xml/common/cals/dtd"" xmlns:ce=""http://www.elsevier.com/xml/common/dtd"" xmlns:ja=""http://www.elsevier.com/xml/ja/dtd"" xmlns:mml=""http://www.w3.org/1998/Math/MathML"" xmlns:sa=""http://www"
31730369,ace_html,projects/cue_reactivity/v5,True,found,supplement_only_or_referenced,The American journal of drug and alcohol abuse,/home/zorro/repos/autonima-results/articles/ace_outputs/html/The American journal of drug and alcohol abuse/31730369.html,/home/zorro/repos/autonima-results/articles/ace_outputs/html/The American journal of drug and alcohol abuse/31730369.html,,,Full article: Effects of attentional bias modification therapy on the cue reactivity and cognitive control networks in participants with cocaine use disorders,0,0,2,0,1,,supplement_cue:Supplemental|supplement_cue:supplementary,CrossMark In this article Article contents Related research ABSTRACT Introduction Methods Results Discussion Conclusion Supplemental material Acknowledgements Additional information References Full Article Figures & data References Supplemental Citatio
31783116,ace_html,projects/social/v3-search-all_pmids,True,found,supplement_only_or_referenced,Manual,/home/zorro/repos/autonima-results/articles/ace_outputs/html/Manual/31783116.html,/home/zorro/repos/autonima-results/articles/ace_outputs/html/Manual/31783116.html,,,Neural oscillations in human auditory cortex revealed by fast fMRI during auditory perception - ScienceDirect,0,0,2,0,1,,supplement_cue:Appendix|supplement_cue:Supplementary,bstract Keywords 1. Introduction 2. Materials and methods 3. Results 4. Discussion Author contributions Acknowledgments Appendix A. Supplementary data References Show full outline Cited by (13) Figures (5) Extras (1) Multimedia component 1 NeuroIma
32179061,elsevier_output,projects/cue_reactivity/v5,True,found,supplement_only_or_referenced,elsevier_output,/home/zorro/repos/autonima-results/articles/elsevier_output/32179061/article.xml,/home/zorro/repos/autonima-results/articles/elsevier_output/32179061/article.xml,/home/zorro/repos/autonima-results/articles/elsevier_output/32179061/tables/*.csv,,Smoking cues impair monitoring but not stopping during response inhibition in abstinent male smokers,0,0,9,0,0,,supplement_cue:supplementary|supplement_cue:appendices|supplement_cue:Appendix|supplement_cue:Table S1|supplement_cue:Supplemental,"or cingulate cortex (ACC), and putamen. They also had hypoactive bilateral rostral ACC (rACC) and hyperactive right pre-supplementary motor area during reactive inhibition in smoking versus neutral conditions. Support vector regression analysis showed t"
