{
  "search": {
    "counts": {
      "true_positives": 127,
      "false_negatives": 64,
      "false_positives": 858,
      "meta_total": 191,
      "retrieved_total": 985
    },
    "metrics": {
      "precision": 0.12893401015228426,
      "precision_ci_lower": 0.1094376515864008,
      "precision_ci_upper": 0.15131351422215744,
      "recall": 0.6649214659685864,
      "recall_ci_lower": 0.5953114119842712,
      "recall_ci_upper": 0.7280281623160835
    }
  },
  "abstract": {
    "counts": {
      "true_positives": 125,
      "false_negatives": 2,
      "false_positives": 472,
      "meta_in_search": 127,
      "meta_total": 191,
      "included_total": 597
    },
    "metrics": {
      "precision": 0.20938023450586266,
      "precision_ci_lower": 0.17865207686871687,
      "precision_ci_upper": 0.2438246624249672,
      "recall_in_search": 0.984251968503937,
      "recall_in_search_ci_lower": 0.9443972558906895,
      "recall_in_search_ci_upper": 0.9956707347178022,
      "recall_all_meta": 0.6544502617801047,
      "recall_all_meta_ci_lower": 0.5845614147729978,
      "recall_all_meta_ci_upper": 0.718248662746382
    }
  },
  "fulltext": {
    "counts": {
      "true_positives": 110,
      "false_negatives": 17,
      "false_positives": 270,
      "additional_false_negatives": 15,
      "missing_full_text": 0,
      "incomplete_full_text": 0,
      "unavailable_full_text": 0,
      "false_negatives_all_texts": 17,
      "false_negatives_fulltext_only": 17,
      "omitted_incomplete_fulltext": 0,
      "meta_in_search_available": 127,
      "meta_total": 191,
      "included_total": 380
    },
    "metrics": {
      "precision": 0.2894736842105263,
      "precision_ci_lower": 0.2461611790053631,
      "precision_ci_upper": 0.33700020840027517,
      "recall_in_search": 0.8661417322834646,
      "recall_in_search_ci_lower": 0.7960649043048902,
      "recall_in_search_ci_upper": 0.9147182105454328,
      "recall_all_meta": 0.5759162303664922,
      "recall_all_meta_ci_lower": 0.5050094781073685,
      "recall_all_meta_ci_upper": 0.6438293735546997,
      "recall_fulltext_only": 0.8661417322834646,
      "recall_fulltext_only_ci_lower": 0.7960649043048902,
      "recall_fulltext_only_ci_upper": 0.9147182105454328,
      "precision_fulltext_only": 0.2894736842105263,
      "precision_fulltext_only_ci_lower": 0.2461611790053631,
      "precision_fulltext_only_ci_upper": 0.33700020840027517,
      "absolute_recall_all_texts": 0.8661417322834646,
      "absolute_recall_all_texts_ci_lower": 0.7960649043048902,
      "absolute_recall_all_texts_ci_upper": 0.9147182105454328
    }
  },
  "fulltext_with_coords": {
    "counts": {
      "true_positives": 38,
      "false_negatives": 89,
      "false_positives": 84,
      "omitted_incomplete_fulltext": 0,
      "meta_in_search_available": 127,
      "meta_total": 191,
      "included_total": 122
    },
    "metrics": {
      "precision": 0.3114754098360656,
      "precision_ci_lower": 0.23611364268808394,
      "precision_ci_upper": 0.3983474576157902,
      "recall_in_search": 0.2992125984251969,
      "recall_in_search_ci_lower": 0.22642346171260533,
      "recall_in_search_ci_upper": 0.383792249498508,
      "recall_all_meta": 0.19895287958115182,
      "recall_all_meta_ci_lower": 0.14851945837662475,
      "recall_all_meta_ci_upper": 0.26125750917034674
    }
  }
}