{
  "search": {
    "counts": {
      "true_positives": 141,
      "false_negatives": 50,
      "false_positives": 844,
      "meta_total": 191,
      "retrieved_total": 985
    },
    "metrics": {
      "precision": 0.1431472081218274,
      "precision_ci_lower": 0.12266041273306987,
      "precision_ci_upper": 0.1664067138926708,
      "recall": 0.7382198952879581,
      "recall_ci_lower": 0.6716174120701083,
      "recall_ci_upper": 0.7954286396970706
    }
  },
  "abstract": {
    "counts": {
      "true_positives": 139,
      "false_negatives": 2,
      "false_positives": 458,
      "meta_in_search": 141,
      "meta_total": 191,
      "included_total": 597
    },
    "metrics": {
      "precision": 0.23283082077051925,
      "precision_ci_lower": 0.20070169756020323,
      "precision_ci_upper": 0.2683763423092066,
      "recall_in_search": 0.9858156028368794,
      "recall_in_search_ci_lower": 0.9497593074687153,
      "recall_in_search_ci_upper": 0.9961015501854392,
      "recall_all_meta": 0.7277486910994765,
      "recall_all_meta_ci_lower": 0.6605956078235026,
      "recall_all_meta_ci_upper": 0.7859209471627017
    }
  },
  "fulltext": {
    "counts": {
      "true_positives": 124,
      "false_negatives": 17,
      "false_positives": 256,
      "additional_false_negatives": 15,
      "missing_full_text": 0,
      "incomplete_full_text": 0,
      "unavailable_full_text": 0,
      "false_negatives_all_texts": 17,
      "false_negatives_fulltext_only": 17,
      "omitted_incomplete_fulltext": 0,
      "meta_in_search_available": 141,
      "meta_total": 191,
      "included_total": 380
    },
    "metrics": {
      "precision": 0.3263157894736842,
      "precision_ci_lower": 0.2811159948186267,
      "precision_ci_upper": 0.3749921497910249,
      "recall_in_search": 0.8794326241134752,
      "recall_in_search_ci_lower": 0.8153920951986041,
      "recall_in_search_ci_upper": 0.9233459469108453,
      "recall_all_meta": 0.6492146596858639,
      "recall_all_meta_ci_lower": 0.579199579712423,
      "recall_all_meta_ci_upper": 0.7133457494164694,
      "recall_fulltext_only": 0.8794326241134752,
      "recall_fulltext_only_ci_lower": 0.8153920951986041,
      "recall_fulltext_only_ci_upper": 0.9233459469108453,
      "precision_fulltext_only": 0.3263157894736842,
      "precision_fulltext_only_ci_lower": 0.2811159948186267,
      "precision_fulltext_only_ci_upper": 0.3749921497910249,
      "absolute_recall_all_texts": 0.8794326241134752,
      "absolute_recall_all_texts_ci_lower": 0.8153920951986041,
      "absolute_recall_all_texts_ci_upper": 0.9233459469108453
    }
  },
  "fulltext_with_coords": {
    "counts": {
      "true_positives": 47,
      "false_negatives": 94,
      "false_positives": 75,
      "omitted_incomplete_fulltext": 0,
      "meta_in_search_available": 141,
      "meta_total": 191,
      "included_total": 122
    },
    "metrics": {
      "precision": 0.38524590163934425,
      "precision_ci_lower": 0.30364856037074855,
      "precision_ci_upper": 0.47384950068378345,
      "recall_in_search": 0.3333333333333333,
      "recall_in_search_ci_lower": 0.26085458327360556,
      "recall_in_search_ci_upper": 0.414653005706356,
      "recall_all_meta": 0.24607329842931938,
      "recall_all_meta_ci_lower": 0.19039294820053707,
      "recall_all_meta_ci_upper": 0.3117667548608215
    }
  }
}